Link,Locality,Subtype of property,Type of sale,Price,Number of rooms,Living Area,Fully equipped kitchen,Furnished,Open fire
https://immovlan.be/en/detail/chalet/for-sale/6440/froidchapelle/vwd16712,6440,Chalet,sale-,N/A,2,50 m²,1,N/A,N/A
https://immovlan.be/en/detail/residence/for-sale/6060/gilly/vbd89648,6060,Residence,sale-,N/A,4,161 m²,N/A,0,N/A
https://immovlan.be/en/detail/apartment/for-sale/1050/elsene/vbd89639,1050,Apartment,sale-,N/A,2,99 m²,N/A,0,N/A
https://immovlan.be/en/detail/apartment/for-sale/1050/elsene/vbd89638,1050,Apartment,sale-,N/A,3,125 m²,N/A,0,N/A
https://immovlan.be/en/detail/residence/for-sale/9400/appelterre-eichem/rbv31594,9400,Residence,sale-,N/A,4,406 m²,N/A,0,N/A
https://immovlan.be/en/detail/residence/for-sale/5580/han-sur-lesse/vbd89621,5580,Residence,sale-,N/A,4,196 m²,1,0,N/A
https://immovlan.be/en/detail/residence/for-sale/5600/villers-le-gambon/vwd16699,5600,Residence,sale-,N/A,3,180 m²,1,N/A,N/A
https://immovlan.be/en/detail/residence/for-sale/6030/goutroux/vbd89605,6030,Residence,sale-,N/A,2,135 m²,1,0,N/A
https://immovlan.be/en/detail/penthouse/for-sale/1180/ukkel/vbd89571,1180,Penthouse,sale-,N/A,3,255 m²,N/A,0,N/A
https://immovlan.be/en/detail/residence/for-sale/2627/schelle/rbv31460,2627,Residence,sale-,N/A,5,266 m²,N/A,0,N/A
https://immovlan.be/en/detail/residence/for-sale/6200/chatelet/vbd89512,6200,Residence,sale-,N/A,3,131 m²,1,0,N/A
https://immovlan.be/en/detail/residence/for-sale/6200/chatelet/vbd89511,6200,Residence,sale-,N/A,3,142 m²,N/A,0,N/A
https://immovlan.be/en/detail/apartment/for-sale/2440/geel/rbv31396,2440,Apartment,sale-,N/A,2,100 m²,N/A,0,N/A
https://immovlan.be/en/detail/residence/for-sale/5300/andenne/vbd89429,5300,Residence,sale-,N/A,3,100 m²,N/A,0,N/A
https://immovlan.be/en/detail/duplex/for-sale/3150/haacht/rbv31078,3150,Duplex,sale-,N/A,2,104 m²,N/A,N/A,N/A
https://immovlan.be/en/detail/duplex/for-sale/3150/haacht/rbv31077,3150,Duplex,sale-,N/A,2,146 m²,N/A,N/A,N/A
https://immovlan.be/en/detail/residence/for-sale/6061/montignies-sur-sambre/vbd89306,6061,Residence,sale-,N/A,3,160 m²,1,0,N/A
https://immovlan.be/en/detail/apartment/for-sale/6790/aubange/vbd89301,6790,Apartment,sale-,N/A,2,120 m²,1,0,N/A
https://immovlan.be/en/detail/residence/for-sale/5002/saint-servais/vbd89282,5002,Residence,sale-,N/A,2,70 m²,1,0,N/A
https://immovlan.be/en/detail/residence/for-sale/5002/saint-servais/vbd89281,5002,Residence,sale-,N/A,3,136 m²,1,0,N/A
https://immovlan.be/en/detail/apartment/for-sale/5300/andenne/vbd89278,5300,Apartment,sale-,N/A,2,94 m²,N/A,0,N/A
https://immovlan.be/en/detail/apartment/for-sale/2250/olen/rbv30913,2250,Apartment,sale-,N/A,3,173 m²,N/A,0,N/A
https://immovlan.be/en/detail/duplex/for-sale/3320/hoegaarden/vbd89270,3320,Duplex,sale-,N/A,1,74 m²,1,0,N/A
https://immovlan.be/en/detail/apartment/for-sale/2300/turnhout/rbv30696,2300,Apartment,sale-,N/A,1,68 m²,N/A,0,N/A
https://immovlan.be/en/detail/residence/for-sale/7100/la-louviere/vbd89260,7100,Residence,sale-,N/A,4,164 m²,N/A,0,N/A
https://immovlan.be/en/detail/apartment/for-sale/2300/turnhout/rbv30659,2300,Apartment,sale-,N/A,1,65 m²,N/A,0,N/A
https://immovlan.be/en/detail/apartment/for-sale/1040/etterbeek/vbd89243,1040,Apartment,sale-,N/A,2,107 m²,1,N/A,N/A
https://immovlan.be/en/detail/residence/for-sale/4000/liege/vbd89240,4000,Residence,sale-,N/A,5,147 m²,1,0,N/A
https://immovlan.be/en/detail/residence/for-sale/7110/maurage/vbd89172,7110,Residence,sale-,N/A,3,105 m²,1,0,N/A
https://immovlan.be/en/detail/residence/for-sale/9600/ronse/rbv30553,9600,Residence,sale-,N/A,3,131 m²,1,0,N/A
https://immovlan.be/en/detail/residence/for-sale/6040/jumet/vbd89154,6040,Residence,sale-,N/A,7,303 m²,N/A,0,N/A
https://immovlan.be/en/detail/apartment/for-sale/6001/marcinelle/rbv30520,6001,Apartment,sale-,N/A,2,100 m²,N/A,0,N/A
https://immovlan.be/en/detail/residence/for-sale/6280/acoz/vbd89079,6280,Residence,sale-,N/A,5,299 m²,1,0,N/A
https://immovlan.be/en/detail/residence/for-sale/9040/sint-amandsberg/rbv30486,9040,Residence,sale-,N/A,3,129 m²,1,0,N/A
https://immovlan.be/en/detail/residence/for-sale/9120/haasdonk/rbv30443,9120,Residence,sale-,N/A,3,135 m²,N/A,0,N/A
https://immovlan.be/en/detail/apartment/for-sale/1050/elsene/rbv30429,1050,Apartment,sale-,N/A,3,149 m²,N/A,N/A,N/A
https://immovlan.be/en/detail/apartment/for-sale/9300/aalst/rbv30405,9300,Apartment,sale-,N/A,2,99 m²,N/A,N/A,N/A
https://immovlan.be/en/detail/residence/for-sale/6060/gilly/vbd89024,6060,Residence,sale-,N/A,3,140 m²,N/A,0,N/A
https://immovlan.be/en/detail/residence/for-sale/8870/izegem/rbv29960,8870,Residence,sale-,N/A,3,153 m²,N/A,N/A,N/A
https://immovlan.be/en/detail/villa/for-sale/8800/roeselare/rbv29959,8800,Villa,sale-,N/A,4,376 m²,N/A,N/A,N/A
https://immovlan.be/en/detail/residence/for-sale/9600/ronse/rbv29945,9600,Residence,sale-,N/A,4,N/A,N/A,N/A,N/A
https://immovlan.be/en/detail/apartment/for-sale/4460/grace-hollogne/vbd88984,4460,Apartment,sale-,N/A,3,110 m²,1,0,N/A
https://immovlan.be/en/detail/mixed-building/for-sale/7170/manage/vbd88977,7170,Mixed,for,N/A,4,N/A,N/A,0,N/A
https://immovlan.be/en/detail/apartment/for-sale/6790/aubange/vbd88911,6790,Apartment,sale-,N/A,2,77 m²,1,0,N/A
https://immovlan.be/en/detail/residence/for-sale/2500/lier/rbv29770,2500,Residence,sale-,N/A,3,128 m²,N/A,0,N/A
https://immovlan.be/en/detail/residence/for-sale/7530/gaurain-ramecroix/vbd88796,7530,Residence,sale-,N/A,4,271 m²,1,0,N/A
https://immovlan.be/en/detail/apartment/for-sale/1040/etterbeek/vbd88760,1040,Apartment,sale-,N/A,1,100 m²,N/A,0,N/A
https://immovlan.be/en/detail/villa/for-sale/6040/jumet/vbd88739,6040,Villa,sale-,N/A,3,307 m²,N/A,0,N/A
https://immovlan.be/en/detail/residence/for-sale/5150/floriffoux/vbd88704,5150,Residence,sale-,N/A,6,253 m²,1,N/A,N/A
https://immovlan.be/en/detail/residence/for-sale/7100/la-louviere/vwd16672,7100,Residence,sale-,N/A,3,125 m²,1,N/A,N/A
https://immovlan.be/en/detail/apartment/for-sale/4820/dison/vbd88703,4820,Apartment,sale-,N/A,2,80 m²,1,0,N/A
https://immovlan.be/en/detail/residence/for-sale/7850/enghien/vbd88700,7850,Residence,sale-,N/A,2,140 m²,N/A,0,N/A
https://immovlan.be/en/detail/apartment/for-sale/1160/oudergem/vbd88679,1160,Apartment,sale-,N/A,3,100 m²,N/A,0,N/A
https://immovlan.be/en/detail/residence/for-sale/9070/destelbergen/rbv29651,9070,Residence,sale-,N/A,3,229 m²,1,0,N/A
https://immovlan.be/en/detail/residence/for-sale/9000/gent/rbv29632,9000,Residence,sale-,N/A,4,195 m²,1,0,N/A
https://immovlan.be/en/detail/apartment/for-sale/1600/sint-pieters-leeuw/rbv29592,1600,Apartment,sale-,N/A,6,309 m²,N/A,N/A,N/A
https://immovlan.be/en/detail/apartment/for-sale/8600/diksmuide/rbv29533,8600,Apartment,sale-,N/A,3,129 m²,N/A,N/A,N/A
https://immovlan.be/en/detail/residence/for-sale/2260/westerlo/rbv29174,2260,Residence,sale-,N/A,3,149 m²,N/A,0,N/A
https://immovlan.be/en/detail/master-house/for-sale/9600/ronse/rbv29064,9600,Master,for,N/A,4,200 m²,1,0,N/A
https://immovlan.be/en/detail/residence/for-sale/5620/florennes/vbd88577,5620,Residence,sale-,N/A,2,148 m²,N/A,0,N/A
https://immovlan.be/en/detail/apartment/for-sale/3080/tervuren/vbd88569,3080,Apartment,sale-,N/A,3,105 m²,1,0,N/A
https://immovlan.be/en/detail/residence/for-sale/6040/jumet/vwd16667,6040,Residence,sale-,N/A,2,93 m²,1,N/A,N/A
https://immovlan.be/en/detail/apartment/for-sale/1030/schaarbeek/vbd88427,1030,Apartment,sale-,N/A,2,96 m²,1,0,N/A
https://immovlan.be/en/detail/residence/for-sale/7700/luingne/vbd88379,7700,Residence,sale-,N/A,3,220 m²,N/A,N/A,N/A
https://immovlan.be/en/detail/villa/for-sale/2340/beerse/rbv28950,2340,Villa,sale-,N/A,3,295 m²,N/A,0,N/A
https://immovlan.be/en/detail/apartment/for-sale/4000/liege/vbd88263,4000,Apartment,sale-,N/A,2,65 m²,1,0,N/A
https://immovlan.be/en/detail/duplex/for-sale/6180/courcelles/vbd88256,6180,Duplex,sale-,N/A,2,103 m²,1,0,N/A
https://immovlan.be/en/detail/apartment/for-sale/5101/erpent/vbd88210,5101,Apartment,sale-,N/A,3,90 m²,1,0,N/A
https://immovlan.be/en/detail/residence/for-sale/8957/mesen/rbv28646,8957,Residence,sale-,N/A,2,117 m²,N/A,N/A,N/A
https://immovlan.be/en/detail/chalet/for-sale/2275/wechelderzande/rbv28618,2275,Chalet,sale-,N/A,2,106 m²,N/A,0,N/A
https://immovlan.be/en/detail/residence/for-sale/8870/izegem/rbv28308,8870,Residence,sale-,N/A,3,192 m²,N/A,N/A,N/A
https://immovlan.be/en/detail/apartment/for-sale/1160/oudergem/vbd88092,1160,Apartment,sale-,N/A,2,106 m²,N/A,0,N/A
https://immovlan.be/en/detail/apartment/for-sale/1160/oudergem/vbd88091,1160,Apartment,sale-,N/A,2,106 m²,N/A,0,N/A
https://immovlan.be/en/detail/apartment/for-sale/5004/bouge/vbd88055,5004,Apartment,sale-,N/A,2,90 m²,1,0,N/A
https://immovlan.be/en/detail/triplex/for-sale/1480/tubize/vbd88044,1480,Triplex,sale-,N/A,3,168 m²,1,0,N/A
https://immovlan.be/en/detail/residence/for-sale/4420/saint-nicolas/vbd88037,4420,Residence,sale-,N/A,2,73 m²,N/A,0,N/A
https://immovlan.be/en/detail/residence/for-sale/8890/moorslede/rbv28047,8890,Residence,sale-,N/A,4,134 m²,N/A,N/A,N/A
https://immovlan.be/en/detail/duplex/for-sale/4420/saint-nicolas/vbd87949,4420,Duplex,sale-,N/A,2,135 m²,1,N/A,N/A
https://immovlan.be/en/detail/residence/for-sale/2340/beerse/rbv28024,2340,Residence,sale-,N/A,6,540 m²,N/A,0,N/A
https://immovlan.be/en/detail/residence/for-sale/5660/boussu-en-fagne/vbd87898,5660,Residence,sale-,N/A,5,200 m²,N/A,0,N/A
https://immovlan.be/en/detail/residence/for-sale/7110/houdeng-aimeries/vbd87814,7110,Residence,sale-,N/A,2,120 m²,1,0,N/A
https://immovlan.be/en/detail/villa/for-sale/1495/villers-la-ville/vbd87790,1495,Villa,sale-,N/A,3,124 m²,N/A,0,N/A
https://immovlan.be/en/detail/apartment/for-sale/5004/bouge/vbd87782,5004,Apartment,sale-,N/A,2,75 m²,1,0,N/A
https://immovlan.be/en/detail/residence/for-sale/4102/ougree/vbd87739,4102,Residence,sale-,N/A,2,139 m²,1,0,N/A
https://immovlan.be/en/detail/duplex/for-sale/6200/chatelet/vbd87727,6200,Duplex,sale-,N/A,2,100 m²,1,0,N/A
https://immovlan.be/en/detail/residence/for-sale/7804/ostiches/vbd87704,7804,Residence,sale-,N/A,2,141 m²,N/A,N/A,N/A
https://immovlan.be/en/detail/residence/for-sale/5530/yvoir/vbd87703,5530,Residence,sale-,N/A,5,198 m²,1,N/A,N/A
https://immovlan.be/en/detail/residence/for-sale/9040/sint-amandsberg/rbv27777,9040,Residence,sale-,N/A,4,N/A,N/A,0,N/A
https://immovlan.be/en/detail/residence/for-sale/9971/lembeke/rbv27714,9971,Residence,sale-,N/A,4,280 m²,N/A,N/A,N/A
https://immovlan.be/en/detail/chalet/for-sale/6940/durbuy/rbv27708,6940,Chalet,sale-,N/A,3,56 m²,N/A,1,N/A
https://immovlan.be/en/detail/apartment/for-sale/1180/ukkel/rbv27707,1180,Apartment,sale-,N/A,3,230 m²,N/A,N/A,N/A
https://immovlan.be/en/detail/residence/for-sale/7110/strepy-bracquegnies/rbv27706,7110,Residence,sale-,N/A,2,118 m²,N/A,N/A,N/A
https://immovlan.be/en/detail/residence/for-sale/6460/chimay/vbd87660,6460,Residence,sale-,N/A,5,235 m²,N/A,N/A,N/A
https://immovlan.be/en/detail/residence/for-sale/2260/tongerlo/rbv27546,2260,Residence,sale-,N/A,3,197 m²,N/A,0,N/A
https://immovlan.be/en/detail/apartment/for-sale/2020/antwerp/rbv27362,2020,Apartment,sale-,N/A,2,87 m²,N/A,0,N/A
https://immovlan.be/en/detail/ground-floor/for-sale/1050/elsene/vbd87524,1050,Ground,for,N/A,1,60 m²,1,0,N/A
https://immovlan.be/en/detail/apartment/for-sale/6000/charleroi/rbv27305,6000,Apartment,sale-,N/A,3,120 m²,N/A,0,N/A
https://immovlan.be/en/detail/residence/for-sale/6061/montignies-sur-sambre/vwd16650,6061,Residence,sale-,N/A,2,84 m²,N/A,N/A,N/A
https://immovlan.be/en/detail/residence/for-sale/6536/donstiennes/vbd87413,6536,Residence,sale-,N/A,3,200 m²,N/A,0,N/A
https://immovlan.be/en/detail/residence/for-sale/6280/gerpinnes/vbd87357,6280,Residence,sale-,N/A,5,338 m²,1,0,N/A
https://immovlan.be/en/detail/residence/for-sale/6560/erquelinnes/vbd87339,6560,Residence,sale-,N/A,4,216 m²,N/A,0,N/A
https://immovlan.be/en/detail/residence/for-sale/6560/erquelinnes/vbd87312,6560,Residence,sale-,N/A,3,136 m²,N/A,0,N/A
https://immovlan.be/en/detail/apartment/for-sale/8670/koksijde/rbv27264,8670,Apartment,sale-,N/A,N/A,47 m²,N/A,1,N/A
https://immovlan.be/en/detail/residence/for-sale/6030/marchienne-au-pont/vbd87287,6030,Residence,sale-,N/A,2,230 m²,N/A,0,N/A
https://immovlan.be/en/detail/villa/for-sale/1180/ukkel/rbv27185,1180,Villa,sale-,N/A,5,306 m²,N/A,N/A,N/A
https://immovlan.be/en/detail/residence/for-sale/2812/muizen/rbv27164,2812,Residence,sale-,N/A,3,170 m²,N/A,0,N/A
https://immovlan.be/en/detail/residence/for-sale/2812/muizen/rbv27163,2812,Residence,sale-,N/A,3,162 m²,N/A,0,N/A
https://immovlan.be/en/detail/penthouse/for-sale/9810/nazareth/rbv27148,9810,Penthouse,sale-,N/A,3,146 m²,1,0,N/A
https://immovlan.be/en/detail/residence/for-sale/7110/houdeng-goegnies/rbv27142,7110,Residence,sale-,N/A,3,226 m²,N/A,N/A,N/A
https://immovlan.be/en/detail/apartment/for-sale/6150/anderlues/vbd87057,6150,Apartment,sale-,N/A,1,100 m²,N/A,N/A,N/A
https://immovlan.be/en/detail/residence/for-sale/8680/koekelare/rbv26664,8680,Residence,sale-,N/A,2,173 m²,N/A,N/A,N/A
https://immovlan.be/en/detail/penthouse/for-sale/9000/gent/rbv26652,9000,Penthouse,sale-,N/A,3,139 m²,1,0,N/A
https://immovlan.be/en/detail/apartment/for-sale/8300/knokke/rbv26632,8300,Apartment,sale-,N/A,3,79 m²,N/A,N/A,N/A
https://immovlan.be/en/detail/apartment/for-sale/8800/roeselare/rbv26629,8800,Apartment,sale-,N/A,6,650 m²,N/A,N/A,N/A
https://immovlan.be/en/detail/apartment/for-sale/1070/anderlecht/vbd86953,1070,Apartment,sale-,N/A,2,70 m²,1,0,N/A
https://immovlan.be/en/detail/apartment/for-sale/1000/brussels/vbd86951,1000,Apartment,sale-,N/A,3,120 m²,1,0,N/A
https://immovlan.be/en/detail/residence/for-sale/8800/roeselare/rbv26505,8800,Residence,sale-,N/A,3,139 m²,N/A,N/A,N/A
https://immovlan.be/en/detail/apartment/for-sale/9000/gent/rbv26462,9000,Apartment,sale-,N/A,4,247 m²,1,0,N/A
https://immovlan.be/en/detail/apartment/for-sale/2500/lier/rbv26096,2500,Apartment,sale-,N/A,2,98 m²,N/A,0,N/A
https://immovlan.be/en/detail/residence/for-sale/2610/wilrijk/rbv26075,2610,Residence,sale-,N/A,4,153 m²,N/A,0,N/A
https://immovlan.be/en/detail/residence/for-sale/8800/roeselare/rbv26068,8800,Residence,sale-,N/A,2,95 m²,N/A,N/A,N/A
https://immovlan.be/en/detail/residence/for-sale/5640/saint-gerard/vbd86853,5640,Residence,sale-,N/A,1,45 m²,N/A,0,N/A
https://immovlan.be/en/detail/residence/for-sale/7012/jemappes/vbd86808,7012,Residence,sale-,N/A,5,144 m²,N/A,0,N/A
https://immovlan.be/en/detail/residence/for-sale/1040/etterbeek/vbd86774,1040,Residence,sale-,N/A,4,161 m²,1,N/A,N/A
https://immovlan.be/en/detail/apartment/for-sale/1020/laken/vbd86766,1020,Apartment,sale-,N/A,1,77 m²,N/A,0,N/A
https://immovlan.be/en/detail/studio/for-sale/1040/etterbeek/vbd86764,1040,Studio,sale-,N/A,N/A,42 m²,1,0,N/A
https://immovlan.be/en/detail/apartment/for-sale/5300/andenne/vbd86746,5300,Apartment,sale-,N/A,2,90 m²,N/A,0,N/A
https://immovlan.be/en/detail/residence/for-sale/6880/bertrix/vbd86745,6880,Residence,sale-,N/A,3,140 m²,N/A,0,N/A
https://immovlan.be/en/detail/apartment/for-sale/5300/andenne/vbd86742,5300,Apartment,sale-,N/A,1,90 m²,N/A,0,N/A
https://immovlan.be/en/detail/residence/for-sale/6240/farciennes/vbd86676,6240,Residence,sale-,N/A,4,167 m²,N/A,N/A,N/A
https://immovlan.be/en/detail/residence/for-sale/6032/mont-sur-marchienne/vwd16610,6032,Residence,sale-,N/A,3,108 m²,1,N/A,N/A
https://immovlan.be/en/detail/apartment/for-sale/5350/ohey/vbd86636,5350,Apartment,sale-,N/A,1,60 m²,N/A,0,N/A
https://immovlan.be/en/detail/residence/for-sale/4920/aywaille/vbd86591,4920,Residence,sale-,N/A,4,159 m²,N/A,0,N/A
https://immovlan.be/en/detail/residence/for-sale/7080/frameries/vbd86489,7080,Residence,sale-,N/A,2,170 m²,N/A,0,N/A
https://immovlan.be/en/detail/residence/for-sale/6040/jumet/vbd86461,6040,Residence,sale-,N/A,2,95 m²,N/A,0,N/A
https://immovlan.be/en/detail/residence/for-sale/6000/charleroi/vbd44287,6000,Residence,sale-,N/A,4,124 m²,N/A,0,N/A
https://immovlan.be/en/detail/residence/for-sale/8790/waregem/rbs94986,8790,Residence,sale-,N/A,4,N/A,N/A,N/A,N/A
https://immovlan.be/en/detail/studio/for-sale/8780/oostrozebeke/rbv25789,8780,Studio,sale-,N/A,0,46 m²,N/A,N/A,N/A
https://immovlan.be/en/detail/residence/for-sale/7780/comines-warneton/rwc40300,7780,Residence,sale-,N/A,3,95 m²,1,N/A,N/A
https://immovlan.be/en/detail/mixed-building/for-sale/1030/schaarbeek/vbd31200,1030,Mixed,for,N/A,4,203 m²,1,N/A,N/A
https://immovlan.be/en/detail/residence/for-sale/4317/faimes/vbd86331,4317,Residence,sale-,N/A,3,194 m²,1,0,N/A
https://immovlan.be/en/detail/residence/for-sale/1150/sint-pieters-woluwe/vbd86280,1150,Residence,sale-,N/A,5,262 m²,1,0,N/A
https://immovlan.be/en/detail/studio/for-sale/1030/schaarbeek/vbd86211,1030,Studio,sale-,N/A,0,38 m²,1,1,N/A
https://immovlan.be/en/detail/residence/for-sale/2381/weelde/rbv25254,2381,Residence,sale-,N/A,3,390 m²,N/A,0,N/A
https://immovlan.be/en/detail/residence/for-sale/6060/gilly/vwd16594,6060,Residence,sale-,N/A,3,110 m²,1,N/A,N/A
https://immovlan.be/en/detail/apartment/for-sale/1030/schaarbeek/vbd86117,1030,Apartment,sale-,N/A,1,57 m²,1,0,N/A
https://immovlan.be/en/detail/apartment/for-sale/2280/grobbendonk/rbs29524,2280,Apartment,sale-,N/A,1,54 m²,1,0,N/A
https://immovlan.be/en/detail/residence/for-sale/6210/frasnes-lez-gosselies/vbd86054,6210,Residence,sale-,N/A,3,154 m²,N/A,0,N/A
https://immovlan.be/en/detail/residence/for-sale/5570/beauraing/vbd86023,5570,Residence,sale-,N/A,4,185 m²,N/A,N/A,N/A
https://immovlan.be/en/detail/villa/for-sale/6230/pont-a-celles/vbd85873,6230,Villa,sale-,N/A,2,82 m²,1,0,N/A
https://immovlan.be/en/detail/residence/for-sale/6032/mont-sur-marchienne/vbd77225,6032,Residence,sale-,N/A,6,458 m²,N/A,0,N/A
https://immovlan.be/en/detail/residence/for-sale/3190/boortmeerbeek/rbv24569,3190,Residence,sale-,N/A,3,120 m²,N/A,0,N/A
https://immovlan.be/en/detail/residence/for-sale/6240/farciennes/vbd85601,6240,Residence,sale-,N/A,3,105 m²,N/A,N/A,N/A
https://immovlan.be/en/detail/villa/for-sale/1000/brussels/rbv09716,1000,Villa,sale-,N/A,5,306 m²,N/A,N/A,N/A
https://immovlan.be/en/detail/apartment/for-sale/8301/duinbergen/rbv24421,8301,Apartment,sale-,N/A,N/A,N/A,N/A,N/A,N/A
https://immovlan.be/en/detail/residence/for-sale/2800/mechelen/rbv24071,2800,Residence,sale-,N/A,6,535 m²,N/A,0,N/A
https://immovlan.be/en/detail/residence/for-sale/1980/zemst/rbv23989,1980,Residence,sale-,N/A,2,140 m²,N/A,N/A,N/A
https://immovlan.be/en/detail/duplex/for-sale/4560/ocquier/vbd85117,4560,Duplex,sale-,N/A,2,101 m²,1,0,N/A
https://immovlan.be/en/detail/penthouse/for-sale/7941/attre/vbd85109,7941,Penthouse,sale-,N/A,3,172 m²,N/A,N/A,N/A
https://immovlan.be/en/detail/residence/for-sale/6031/monceau-sur-sambre/vbd84991,6031,Residence,sale-,N/A,2,80 m²,N/A,0,N/A
https://immovlan.be/en/detail/apartment/for-sale/1050/elsene/vbd84483,1050,Apartment,sale-,N/A,2,88 m²,1,0,N/A
https://immovlan.be/en/detail/master-house/for-sale/8400/oostende/rbv23186,8400,Master,for,N/A,5,303 m²,N/A,N/A,N/A
https://immovlan.be/en/detail/residence/for-sale/4430/ans/vbd84400,4430,Residence,sale-,N/A,3,206 m²,N/A,0,N/A
https://immovlan.be/en/detail/residence/for-sale/6200/chatelet/vbd84285,6200,Residence,sale-,N/A,2,97 m²,1,0,N/A
https://immovlan.be/en/detail/apartment/for-sale/2300/turnhout/rbv23010,2300,Apartment,sale-,N/A,2,121 m²,N/A,0,N/A
https://immovlan.be/en/detail/duplex/for-sale/5000/namur/vbd84195,5000,Duplex,sale-,N/A,4,190 m²,1,N/A,N/A
https://immovlan.be/en/detail/apartment/for-sale/1083/ganshoren/vbd84048,1083,Apartment,sale-,N/A,5,155 m²,1,1,N/A
https://immovlan.be/en/detail/residence/for-sale/5500/dinant/vbd64694,5500,Residence,sale-,N/A,3,125 m²,1,N/A,N/A
https://immovlan.be/en/detail/residence/for-sale/6200/chatelet/vbd81032,6200,Residence,sale-,N/A,1,85 m²,N/A,0,N/A
https://immovlan.be/en/detail/residence/for-sale/8000/brugge/rbu48928,8000,Residence,sale-,N/A,4,N/A,N/A,N/A,N/A
https://immovlan.be/en/detail/apartment/for-sale/8800/roeselare/rbv17717,8800,Apartment,sale-,N/A,2,79 m²,N/A,N/A,N/A
https://immovlan.be/en/detail/residence/for-sale/9950/waarschoot/rbv17709,9950,Residence,sale-,N/A,2,54 m²,N/A,N/A,N/A
https://immovlan.be/en/detail/duplex/for-sale/9600/ronse/rbv17426,9600,Duplex,sale-,N/A,4,260 m²,1,1,N/A
https://immovlan.be/en/detail/apartment/for-sale/9300/aalst/rbv17303,9300,Apartment,sale-,N/A,2,112 m²,N/A,0,N/A
https://immovlan.be/en/detail/apartment/for-sale/4920/aywaille/vbd83503,4920,Apartment,sale-,N/A,1,49 m²,1,0,N/A
https://immovlan.be/en/detail/studio/for-sale/1410/waterloo/vbd83500,1410,Studio,sale-,N/A,1,54 m²,1,N/A,N/A
https://immovlan.be/en/detail/studio/for-sale/8670/koksijde/rbv17266,8670,Studio,sale-,N/A,N/A,N/A,N/A,1,N/A
https://immovlan.be/en/detail/villa/for-sale/1410/waterloo/vbd83140,1410,Villa,sale-,N/A,5,251 m²,1,0,N/A
https://immovlan.be/en/detail/residence/for-sale/4900/spa/vbd82497,4900,Residence,sale-,N/A,2,125 m²,1,0,N/A
https://immovlan.be/en/detail/residence/for-sale/9000/gent/rbv15187,9000,Residence,sale-,N/A,2,96 m²,N/A,N/A,N/A
https://immovlan.be/en/detail/residence/for-sale/8930/menen/rwc41748,8930,Residence,sale-,N/A,5,185 m²,1,N/A,N/A
https://immovlan.be/en/detail/residence/for-sale/6240/farciennes/vbd81330,6240,Residence,sale-,N/A,3,N/A,N/A,N/A,N/A
https://immovlan.be/en/detail/apartment/for-sale/8420/wenduine/rbv14587,8420,Apartment,sale-,N/A,2,71 m²,N/A,N/A,N/A
https://immovlan.be/en/detail/apartment/for-sale/1081/koekelberg/vbd81202,1081,Apartment,sale-,N/A,4,135 m²,1,0,N/A
https://immovlan.be/en/detail/residence/for-sale/5002/saint-servais/vbd80932,5002,Residence,sale-,N/A,1,82 m²,N/A,0,N/A
https://immovlan.be/en/detail/penthouse/for-sale/8500/kortrijk/rbv14295,8500,Penthouse,sale-,N/A,3,125 m²,N/A,N/A,N/A
https://immovlan.be/en/detail/residence/for-sale/6530/thuin/vbd87313,6530,Residence,sale-,N/A,3,135 m²,N/A,0,N/A
https://immovlan.be/en/detail/residence/for-sale/9270/laarne/rbv35043,9270,Residence,sale-,N/A,4,204 m²,N/A,0,N/A
https://immovlan.be/en/detail/villa/for-sale/1380/lasne/rbv35042,1380,Villa,sale-,N/A,4,250 m²,1,0,N/A
https://immovlan.be/en/detail/residence/for-sale/4100/seraing/vbd90880,4100,Residence,sale-,N/A,3,120 m²,1,0,N/A
https://immovlan.be/en/detail/apartment/for-sale/9600/ronse/rbv35041,9600,Apartment,sale-,N/A,2,91 m²,1,0,N/A
https://immovlan.be/en/detail/residence/for-sale/7750/mont-de-l-enclus/rbv35040,7750,Residence,sale-,N/A,5,214 m²,1,0,N/A
https://immovlan.be/en/detail/residence/for-sale/7860/lessines/vbd90877,7860,Residence,sale-,N/A,2,240 m²,N/A,N/A,N/A
https://immovlan.be/en/detail/apartment/for-sale/2000/antwerp/rbv35039,2000,Apartment,sale-,N/A,1,72 m²,1,N/A,N/A
https://immovlan.be/en/detail/residence/for-sale/3511/kuringen/rbv35038,3511,Residence,sale-,N/A,4,213 m²,N/A,N/A,N/A
https://immovlan.be/en/detail/penthouse/for-sale/1140/evere/vwd16747,1140,Penthouse,sale-,N/A,0,30 m²,1,N/A,N/A
https://immovlan.be/en/detail/residence/for-sale/3550/heusden-zolder/rbv35037,3550,Residence,sale-,N/A,3,360 m²,N/A,0,N/A
https://immovlan.be/en/detail/residence/for-sale/5560/houyet/vbd90868,5560,Residence,sale-,N/A,3,125 m²,N/A,0,N/A
https://immovlan.be/en/detail/master-house/for-sale/1060/sint-gillis/rwc41904,1060,Master,for,N/A,6,309 m²,1,N/A,N/A
https://immovlan.be/en/detail/residence/for-sale/1470/bousval/vbd90867,1470,Residence,sale-,N/A,3,130 m²,N/A,0,N/A
https://immovlan.be/en/detail/villa/for-sale/1310/la-hulpe/vbd90866,1310,Villa,sale-,N/A,3,135 m²,1,0,N/A
https://immovlan.be/en/detail/apartment/for-sale/4802/heusy/vbd90864,4802,Apartment,sale-,N/A,3,148 m²,N/A,N/A,N/A
https://immovlan.be/en/detail/residence/for-sale/2520/oelegem/rwc41903,2520,Residence,sale-,N/A,4,282 m²,1,N/A,N/A
https://immovlan.be/en/detail/residence/for-sale/1421/ophain-bois-seigneur-isaac/rbv35034,1421,Residence,sale-,N/A,7,320 m²,1,0,N/A
https://immovlan.be/en/detail/residence/for-sale/1420/braine-l-alleud/rbv35033,1420,Residence,sale-,N/A,7,320 m²,1,0,N/A
https://immovlan.be/en/detail/residence/for-sale/8870/izegem/rbv35032,8870,Residence,sale-,N/A,3,156 m²,1,0,N/A
https://immovlan.be/en/detail/residence/for-sale/4170/comblain-au-pont/vbd90833,4170,Residence,sale-,N/A,3,160 m²,1,0,N/A
https://immovlan.be/en/detail/residence/for-sale/9600/ronse/rbv35031,9600,Residence,sale-,N/A,3,131 m²,1,0,N/A
https://immovlan.be/en/detail/villa/for-sale/9080/lochristi/rbv35030,9080,Villa,sale-,N/A,3,212 m²,1,0,N/A
https://immovlan.be/en/detail/apartment/for-sale/8400/oostende/rbv35029,8400,Apartment,sale-,N/A,2,66 m²,1,0,N/A
https://immovlan.be/en/detail/cottage/for-sale/9400/denderwindeke/rbv35027,9400,Cottage,sale-,N/A,3,282 m²,N/A,N/A,N/A
https://immovlan.be/en/detail/cottage/for-sale/9506/grimminge/rbv35026,9506,Cottage,sale-,N/A,3,282 m²,N/A,N/A,N/A
https://immovlan.be/en/detail/residence/for-sale/3061/leefdaal/rbv35025,3061,Residence,sale-,N/A,3,161 m²,1,0,N/A
https://immovlan.be/en/detail/mixed-building/for-sale/1210/sint-joost-ten-node/vbd90827,1210,Mixed,for,N/A,9,230 m²,N/A,0,N/A
https://immovlan.be/en/detail/villa/for-sale/5500/dinant/rwc41902,5500,Villa,sale-,N/A,4,192 m²,N/A,N/A,N/A
https://immovlan.be/en/detail/residence/for-sale/7012/jemappes/vbd90825,7012,Residence,sale-,N/A,3,136 m²,N/A,0,N/A
https://immovlan.be/en/detail/residence/for-sale/3120/tremelo/rbv35024,3120,Residence,sale-,N/A,4,N/A,1,N/A,N/A
https://immovlan.be/en/detail/residence/for-sale/1800/vilvoorde/rbv35023,1800,Residence,sale-,N/A,3,104 m²,1,0,N/A
https://immovlan.be/en/detail/residence/for-sale/4040/herstal/vbd90823,4040,Residence,sale-,N/A,4,180 m²,1,0,N/A
https://immovlan.be/en/detail/villa/for-sale/6200/chatelet/vbd90822,6200,Villa,sale-,N/A,3,158 m²,1,0,N/A
https://immovlan.be/en/detail/apartment/for-sale/9041/oostakker/rbv35022,9041,Apartment,sale-,N/A,2,84 m²,1,0,N/A
https://immovlan.be/en/detail/apartment/for-sale/9041/oostakker/rbv35021,9041,Apartment,sale-,N/A,1,60 m²,1,0,N/A
https://immovlan.be/en/detail/apartment/for-sale/9041/oostakker/rbv35020,9041,Apartment,sale-,N/A,3,138 m²,1,0,N/A
https://immovlan.be/en/detail/apartment/for-sale/9041/oostakker/rbv35019,9041,Apartment,sale-,N/A,3,107 m²,1,0,N/A
https://immovlan.be/en/detail/apartment/for-sale/9041/oostakker/rbv35018,9041,Apartment,sale-,N/A,2,84 m²,1,0,N/A
https://immovlan.be/en/detail/apartment/for-sale/9041/oostakker/rbv35017,9041,Apartment,sale-,N/A,1,60 m²,1,0,N/A
https://immovlan.be/en/detail/apartment/for-sale/9041/oostakker/rbv35016,9041,Apartment,sale-,N/A,1,60 m²,1,0,N/A
https://immovlan.be/en/detail/apartment/for-sale/9041/oostakker/rbv35015,9041,Apartment,sale-,N/A,2,90 m²,1,0,N/A
https://immovlan.be/en/detail/apartment/for-sale/9041/oostakker/rbv35014,9041,Apartment,sale-,N/A,2,90 m²,1,0,N/A
https://immovlan.be/en/detail/apartment/for-sale/9041/oostakker/rbv35013,9041,Apartment,sale-,N/A,2,90 m²,1,0,N/A
https://immovlan.be/en/detail/apartment/for-sale/9041/oostakker/rbv35012,9041,Apartment,sale-,N/A,2,90 m²,1,0,N/A
https://immovlan.be/en/detail/apartment/for-sale/9041/oostakker/rbv35011,9041,Apartment,sale-,N/A,2,84 m²,1,0,N/A
https://immovlan.be/en/detail/apartment/for-sale/9041/oostakker/rbv35010,9041,Apartment,sale-,N/A,2,84 m²,1,0,N/A
https://immovlan.be/en/detail/apartment/for-sale/9041/oostakker/rbv35009,9041,Apartment,sale-,N/A,3,138 m²,1,0,N/A
https://immovlan.be/en/detail/apartment/for-sale/9041/oostakker/rbv35008,9041,Apartment,sale-,N/A,1,60 m²,1,0,N/A
https://immovlan.be/en/detail/apartment/for-sale/9041/oostakker/rbv35007,9041,Apartment,sale-,N/A,3,138 m²,1,0,N/A
https://immovlan.be/en/detail/residence/for-sale/5575/patignies/rwc41901,5575,Residence,sale-,N/A,3,159 m²,1,N/A,N/A
https://immovlan.be/en/detail/villa/for-sale/5360/hamois/rwc41900,5360,Villa,sale-,N/A,3,162 m²,1,N/A,N/A
https://immovlan.be/en/detail/residence/for-sale/5540/hastiere/vbd90815,5540,Residence,sale-,N/A,5,200 m²,N/A,0,N/A
https://immovlan.be/en/detail/residence/for-sale/5575/gedinne/rwc41899,5575,Residence,sale-,N/A,3,158 m²,1,N/A,N/A
https://immovlan.be/en/detail/residence/for-sale/5570/wancennes/rwc41897,5570,Residence,sale-,N/A,3,184 m²,1,N/A,N/A
https://immovlan.be/en/detail/ground-floor/for-sale/6183/trazegnies/vbd90814,6183,Ground,for,N/A,2,87 m²,1,0,N/A
https://immovlan.be/en/detail/apartment/for-sale/6183/trazegnies/vbd90813,6183,Apartment,sale-,N/A,2,74 m²,1,0,N/A
https://immovlan.be/en/detail/apartment/for-sale/6183/trazegnies/vbd90812,6183,Apartment,sale-,N/A,2,87 m²,1,0,N/A
https://immovlan.be/en/detail/residence/for-sale/9500/geraardsbergen/rbv34989,9500,Residence,sale-,N/A,3,139 m²,N/A,0,N/A
https://immovlan.be/en/detail/residence/for-sale/9506/grimminge/rbv34988,9506,Residence,sale-,N/A,3,139 m²,N/A,0,N/A
https://immovlan.be/en/detail/residence/for-sale/4020/liege/vbd90811,4020,Residence,sale-,N/A,3,120 m²,1,0,N/A
https://immovlan.be/en/detail/apartment/for-sale/1090/jette/vbd90810,1090,Apartment,sale-,N/A,2,82 m²,1,N/A,N/A
https://immovlan.be/en/detail/villa/for-sale/7080/eugies/vbd90809,7080,Villa,sale-,N/A,3,N/A,N/A,N/A,N/A
https://immovlan.be/en/detail/villa/for-sale/7870/lens/vbd90808,7870,Villa,sale-,N/A,3,N/A,N/A,N/A,N/A
https://immovlan.be/en/detail/penthouse/for-sale/9000/gent/rbv34970,9000,Penthouse,sale-,N/A,2,180 m²,1,0,N/A
https://immovlan.be/en/detail/studio/for-sale/9000/gent/rbv34969,9000,Studio,sale-,N/A,N/A,27 m²,1,N/A,N/A
https://immovlan.be/en/detail/residence/for-sale/6640/vaux-sur-sure/vbd90807,6640,Residence,sale-,N/A,4,626 m²,N/A,1,N/A
https://immovlan.be/en/detail/cottage/for-sale/6700/arlon/vbd90801,6700,Cottage,sale-,N/A,5,480 m²,N/A,0,N/A
https://immovlan.be/en/detail/apartment/for-sale/6700/arlon/vbd90798,6700,Apartment,sale-,N/A,2,70 m²,N/A,N/A,N/A
https://immovlan.be/en/detail/residence/for-sale/6600/bastogne/vbd90797,6600,Residence,sale-,N/A,4,746 m²,N/A,N/A,N/A
https://immovlan.be/en/detail/apartment/for-sale/1150/sint-pieters-woluwe/vbd90788,1150,Apartment,sale-,N/A,3,130 m²,N/A,N/A,N/A
https://immovlan.be/en/detail/apartment/for-sale/1050/elsene/vbd90787,1050,Apartment,sale-,N/A,N/A,N/A,N/A,N/A,N/A
https://immovlan.be/en/detail/residence/for-sale/9070/destelbergen/rbv34966,9070,Residence,sale-,N/A,4,214 m²,N/A,N/A,N/A
https://immovlan.be/en/detail/residence/for-sale/2000/antwerp/rbv34965,2000,Residence,sale-,N/A,5,447 m²,N/A,N/A,N/A
https://immovlan.be/en/detail/residence/for-sale/3500/hasselt/rbv34964,3500,Residence,sale-,N/A,2,172 m²,N/A,N/A,N/A
https://immovlan.be/en/detail/residence/for-sale/2570/duffel/rbv34960,2570,Residence,sale-,N/A,4,120 m²,N/A,N/A,N/A
https://immovlan.be/en/detail/residence/for-sale/1150/sint-pieters-woluwe/vbd90768,1150,Residence,sale-,N/A,3,175 m²,N/A,N/A,N/A
https://immovlan.be/en/detail/penthouse/for-sale/1180/ukkel/vbd90767,1180,Penthouse,sale-,N/A,3,257 m²,N/A,N/A,N/A
https://immovlan.be/en/detail/residence/for-sale/7181/arquennes/vbd90766,7181,Residence,sale-,N/A,5,450 m²,N/A,N/A,N/A
https://immovlan.be/en/detail/residence/for-sale/3890/gingelom/rbv34958,3890,Residence,sale-,N/A,4,303 m²,N/A,N/A,N/A
https://immovlan.be/en/detail/residence/for-sale/3800/sint-truiden/rbv34957,3800,Residence,sale-,N/A,3,167 m²,N/A,N/A,N/A
https://immovlan.be/en/detail/apartment/for-sale/3800/sint-truiden/rbv34956,3800,Apartment,sale-,N/A,1,80 m²,N/A,N/A,N/A
https://immovlan.be/en/detail/apartment/for-sale/2500/lier/rbv34955,2500,Apartment,sale-,N/A,1,60 m²,N/A,N/A,N/A
https://immovlan.be/en/detail/residence/for-sale/3270/scherpenheuvel-zichem/rbv34954,3270,Residence,sale-,N/A,3,144 m²,N/A,N/A,N/A
https://immovlan.be/en/detail/residence/for-sale/8310/sint-kruis/rbv34953,8310,Residence,sale-,N/A,3,123 m²,N/A,N/A,N/A
https://immovlan.be/en/detail/apartment/for-sale/3500/hasselt/rbv34952,3500,Apartment,sale-,N/A,2,108 m²,N/A,N/A,N/A
https://immovlan.be/en/detail/apartment/for-sale/2000/antwerp/rbv34951,2000,Apartment,sale-,N/A,1,51 m²,N/A,N/A,N/A
https://immovlan.be/en/detail/residence/for-sale/3600/genk/rbv34946,3600,Residence,sale-,N/A,2,100 m²,N/A,N/A,N/A
https://immovlan.be/en/detail/residence/for-sale/3000/leuven/rbv34945,3000,Residence,sale-,N/A,4,230 m²,N/A,N/A,N/A
https://immovlan.be/en/detail/apartment/for-sale/3000/leuven/rbv34944,3000,Apartment,sale-,N/A,2,94 m²,N/A,N/A,N/A
https://immovlan.be/en/detail/residence/for-sale/3020/herent/rbv34943,3020,Residence,sale-,N/A,2,140 m²,N/A,N/A,N/A
https://immovlan.be/en/detail/loft/for-sale/2800/mechelen/rbv34942,2800,Loft,sale-,N/A,2,182 m²,N/A,N/A,N/A
https://immovlan.be/en/detail/apartment/for-sale/2800/mechelen/rbv34940,2800,Apartment,sale-,N/A,1,90 m²,N/A,N/A,N/A
https://immovlan.be/en/detail/apartment/for-sale/2800/mechelen/rbv34939,2800,Apartment,sale-,N/A,2,93 m²,N/A,N/A,N/A
https://immovlan.be/en/detail/apartment/for-sale/2800/mechelen/rbv34938,2800,Apartment,sale-,N/A,2,102 m²,N/A,N/A,N/A
https://immovlan.be/en/detail/penthouse/for-sale/2580/beerzel/rbv34937,2580,Penthouse,sale-,N/A,5,226 m²,N/A,N/A,N/A
https://immovlan.be/en/detail/apartment/for-sale/2800/mechelen/rbv34936,2800,Apartment,sale-,N/A,1,72 m²,N/A,N/A,N/A
https://immovlan.be/en/detail/apartment/for-sale/2650/edegem/rbv34935,2650,Apartment,sale-,N/A,3,90 m²,N/A,N/A,N/A
https://immovlan.be/en/detail/apartment/for-sale/8400/oostende/rbv34932,8400,Apartment,sale-,N/A,2,67 m²,N/A,N/A,N/A
https://immovlan.be/en/detail/apartment/for-sale/1000/brussels/rbv34930,1000,Apartment,sale-,N/A,1,80 m²,N/A,N/A,N/A
https://immovlan.be/en/detail/residence/for-sale/3870/heers/rbv34927,3870,Residence,sale-,N/A,4,N/A,N/A,N/A,N/A
https://immovlan.be/en/detail/apartment/for-sale/8434/westende/rbv34926,8434,Apartment,sale-,N/A,1,60 m²,N/A,1,N/A
https://immovlan.be/en/detail/apartment/for-sale/8430/middelkerke/rbv34924,8430,Apartment,sale-,N/A,2,60 m²,N/A,1,N/A
https://immovlan.be/en/detail/studio/for-sale/8430/middelkerke/rbv34921,8430,Studio,sale-,N/A,N/A,28 m²,N/A,1,N/A
https://immovlan.be/en/detail/residence/for-sale/7780/comines/vbd90760,7780,Residence,sale-,N/A,4,133 m²,N/A,N/A,N/A
https://immovlan.be/en/detail/residence/for-sale/2200/herentals/rbv34919,2200,Residence,sale-,N/A,3,387 m²,N/A,0,N/A
https://immovlan.be/en/detail/residence/for-sale/2200/herentals/rbv34915,2200,Residence,sale-,N/A,1,370 m²,N/A,0,N/A
https://immovlan.be/en/detail/penthouse/for-sale/8600/diksmuide/rbv34830,8600,Penthouse,sale-,N/A,3,149 m²,N/A,N/A,N/A
https://immovlan.be/en/detail/residence/for-sale/8690/alveringem/rbv34828,8690,Residence,sale-,N/A,3,189 m²,N/A,N/A,N/A
https://immovlan.be/en/detail/apartment/for-sale/8301/duinbergen/rbv34817,8301,Apartment,sale-,N/A,2,96 m²,N/A,N/A,N/A
https://immovlan.be/en/detail/apartment/for-sale/8301/duinbergen/rbv34814,8301,Apartment,sale-,N/A,2,74 m²,N/A,N/A,N/A
https://immovlan.be/en/detail/residence/for-sale/8930/menen/rbv34810,8930,Residence,sale-,N/A,5,204 m²,N/A,N/A,N/A
https://immovlan.be/en/detail/residence/for-sale/2980/zoersel/rbv34806,2980,Residence,sale-,N/A,3,297 m²,N/A,0,N/A
https://immovlan.be/en/detail/residence/for-sale/2980/halle/rbv34803,2980,Residence,sale-,N/A,3,143 m²,N/A,0,N/A
https://immovlan.be/en/detail/residence/for-sale/2340/vlimmeren/rbv34802,2340,Residence,sale-,N/A,3,N/A,N/A,0,N/A
https://immovlan.be/en/detail/apartment/for-sale/2450/meerhout/rbv34718,2450,Apartment,sale-,N/A,1,80 m²,N/A,0,N/A
https://immovlan.be/en/detail/apartment/for-sale/2450/meerhout/rbv34717,2450,Apartment,sale-,N/A,2,104 m²,N/A,0,N/A
https://immovlan.be/en/detail/residence/for-sale/6560/grand-reng/vbd90759,6560,Residence,sale-,N/A,3,100 m²,N/A,0,N/A
https://immovlan.be/en/detail/apartment/for-sale/2560/nijlen/rbv34625,2560,Apartment,sale-,N/A,2,142 m²,N/A,0,N/A
https://immovlan.be/en/detail/residence/for-sale/2500/lier/rbv34624,2500,Residence,sale-,N/A,1,51 m²,N/A,0,N/A
https://immovlan.be/en/detail/residence/for-sale/3800/sint-truiden/rbv34602,3800,Residence,sale-,N/A,3,110 m²,N/A,0,N/A
https://immovlan.be/en/detail/residence/for-sale/2570/duffel/rbv34594,2570,Residence,sale-,N/A,4,199 m²,N/A,0,N/A
https://immovlan.be/en/detail/apartment/for-sale/9300/aalst/rbv34593,9300,Apartment,sale-,N/A,2,97 m²,N/A,N/A,N/A
https://immovlan.be/en/detail/residence/for-sale/2180/ekeren/rbv34592,2180,Residence,sale-,N/A,4,189 m²,N/A,0,N/A
https://immovlan.be/en/detail/duplex/for-sale/2180/ekeren/rbv34591,2180,Duplex,sale-,N/A,3,113 m²,N/A,0,N/A
https://immovlan.be/en/detail/residence/for-sale/2180/ekeren/rbv34590,2180,Residence,sale-,N/A,3,141 m²,N/A,0,N/A
https://immovlan.be/en/detail/residence/for-sale/5340/gesves/vbd90754,5340,Residence,sale-,N/A,4,175 m²,N/A,0,N/A
https://immovlan.be/en/detail/residence/for-sale/2547/lint/rbv34589,2547,Residence,sale-,N/A,3,180 m²,N/A,0,N/A
https://immovlan.be/en/detail/apartment/for-sale/6000/charleroi/vbd90753,6000,Apartment,sale-,N/A,2,87 m²,N/A,0,N/A
https://immovlan.be/en/detail/apartment/for-sale/2140/borgerhout/rbv34588,2140,Apartment,sale-,N/A,2,84 m²,N/A,0,N/A
https://immovlan.be/en/detail/apartment/for-sale/2140/borgerhout/rbv34587,2140,Apartment,sale-,N/A,3,119 m²,N/A,0,N/A
https://immovlan.be/en/detail/residence/for-sale/2060/antwerp/rbv34586,2060,Residence,sale-,N/A,5,168 m²,N/A,0,N/A
https://immovlan.be/en/detail/apartment/for-sale/2400/mol/rbv34585,2400,Apartment,sale-,N/A,2,86 m²,N/A,0,N/A
https://immovlan.be/en/detail/residence/for-sale/2400/mol/rbv34584,2400,Residence,sale-,N/A,2,132 m²,N/A,0,N/A
https://immovlan.be/en/detail/residence/for-sale/3930/hamont/rbv34583,3930,Residence,sale-,N/A,3,176 m²,N/A,0,N/A
https://immovlan.be/en/detail/residence/for-sale/3900/overpelt/rbv34581,3900,Residence,sale-,N/A,4,153 m²,N/A,0,N/A
https://immovlan.be/en/detail/residence/for-sale/3945/ham/rbv34580,3945,Residence,sale-,N/A,3,256 m²,N/A,0,N/A
https://immovlan.be/en/detail/residence/for-sale/3910/neerpelt/rbv34579,3910,Residence,sale-,N/A,3,175 m²,N/A,0,N/A
https://immovlan.be/en/detail/residence/for-sale/3945/ham/rbv34578,3945,Residence,sale-,N/A,3,138 m²,N/A,0,N/A
https://immovlan.be/en/detail/villa/for-sale/3910/neerpelt/rbv34577,3910,Villa,sale-,N/A,5,418 m²,N/A,0,N/A
https://immovlan.be/en/detail/residence/for-sale/3930/hamont-achel/rbv34576,3930,Residence,sale-,N/A,3,175 m²,N/A,0,N/A
https://immovlan.be/en/detail/residence/for-sale/3920/lommel/rbv34575,3920,Residence,sale-,N/A,3,259 m²,N/A,0,N/A
https://immovlan.be/en/detail/residence/for-sale/3920/lommel/rbv34574,3920,Residence,sale-,N/A,3,124 m²,N/A,0,N/A
https://immovlan.be/en/detail/residence/for-sale/3930/hamont-achel/rbv34573,3930,Residence,sale-,N/A,3,225 m²,N/A,0,N/A
https://immovlan.be/en/detail/residence/for-sale/2400/mol/rbv34572,2400,Residence,sale-,N/A,4,166 m²,N/A,0,N/A
https://immovlan.be/en/detail/residence/for-sale/3930/hamont-achel/rbv34569,3930,Residence,sale-,N/A,4,224 m²,N/A,0,N/A
https://immovlan.be/en/detail/residence/for-sale/2400/mol/rbv34568,2400,Residence,sale-,N/A,4,224 m²,N/A,0,N/A
https://immovlan.be/en/detail/residence/for-sale/2490/balen/rbv34567,2490,Residence,sale-,N/A,4,242 m²,N/A,0,N/A
https://immovlan.be/en/detail/residence/for-sale/2400/mol/rbv34566,2400,Residence,sale-,N/A,3,221 m²,N/A,0,N/A
https://immovlan.be/en/detail/residence/for-sale/3930/hamont-achel/rbv34565,3930,Residence,sale-,N/A,2,160 m²,N/A,0,N/A
https://immovlan.be/en/detail/residence/for-sale/3930/hamont-achel/rbv34564,3930,Residence,sale-,N/A,3,176 m²,N/A,0,N/A
https://immovlan.be/en/detail/apartment/for-sale/3941/eksel/rbv34563,3941,Apartment,sale-,N/A,4,190 m²,N/A,0,N/A
https://immovlan.be/en/detail/residence/for-sale/2400/mol/rbv34562,2400,Residence,sale-,N/A,3,180 m²,N/A,0,N/A
https://immovlan.be/en/detail/residence/for-sale/3920/lommel/rbv34561,3920,Residence,sale-,N/A,2,146 m²,N/A,0,N/A
https://immovlan.be/en/detail/residence/for-sale/3900/pelt/rbv34560,3900,Residence,sale-,N/A,3,166 m²,N/A,0,N/A
https://immovlan.be/en/detail/residence/for-sale/3920/lommel/rbv34558,3920,Residence,sale-,N/A,3,230 m²,N/A,0,N/A
https://immovlan.be/en/detail/residence/for-sale/3910/neerpelt/rbv34556,3910,Residence,sale-,N/A,3,170 m²,N/A,0,N/A
https://immovlan.be/en/detail/apartment/for-sale/3920/lommel/rbv34555,3920,Apartment,sale-,N/A,2,129 m²,N/A,0,N/A
https://immovlan.be/en/detail/residence/for-sale/3950/bocholt/rbv34551,3950,Residence,sale-,N/A,3,153 m²,N/A,0,N/A
https://immovlan.be/en/detail/residence/for-sale/3920/lommel/rbv34550,3920,Residence,sale-,N/A,4,218 m²,N/A,0,N/A
https://immovlan.be/en/detail/residence/for-sale/2400/mol/rbv34547,2400,Residence,sale-,N/A,5,358 m²,N/A,0,N/A
https://immovlan.be/en/detail/apartment/for-sale/2400/mol/rbv34545,2400,Apartment,sale-,N/A,2,82 m²,N/A,0,N/A
https://immovlan.be/en/detail/residence/for-sale/3945/ham/rbv34543,3945,Residence,sale-,N/A,3,180 m²,N/A,0,N/A
https://immovlan.be/en/detail/residence/for-sale/9940/evergem/rbv34542,9940,Residence,sale-,N/A,3,179 m²,N/A,N/A,N/A
https://immovlan.be/en/detail/residence/for-sale/1070/anderlecht/vbd90752,1070,Residence,sale-,N/A,2,150 m²,1,0,N/A
https://immovlan.be/en/detail/residence/for-sale/1702/groot-bijgaarden/rbv34541,1702,Residence,sale-,N/A,3,105 m²,N/A,0,N/A
https://immovlan.be/en/detail/apartment/for-sale/1180/ukkel/vbd90751,1180,Apartment,sale-,N/A,2,159 m²,N/A,0,N/A
https://immovlan.be/en/detail/residence/for-sale/7100/la-louviere/vbd90749,7100,Residence,sale-,N/A,2,108 m²,1,0,N/A
https://immovlan.be/en/detail/residence/for-sale/7100/la-louviere/vbd90748,7100,Residence,sale-,N/A,2,110 m²,1,0,N/A
https://immovlan.be/en/detail/residence/for-sale/8740/pittem/vbd90747,8740,Residence,sale-,N/A,4,220 m²,1,0,N/A
https://immovlan.be/en/detail/residence/for-sale/2830/willebroek/rbv34539,2830,Residence,sale-,N/A,4,219 m²,N/A,0,N/A
https://immovlan.be/en/detail/villa/for-sale/7040/quevy/vbd90745,7040,Villa,sale-,N/A,3,N/A,N/A,N/A,N/A
https://immovlan.be/en/detail/villa/for-sale/7040/aulnois/vbd90744,7040,Villa,sale-,N/A,3,N/A,N/A,N/A,N/A
https://immovlan.be/en/detail/villa/for-sale/7012/jemappes/vbd90743,7012,Villa,sale-,N/A,3,N/A,N/A,N/A,N/A
https://immovlan.be/en/detail/villa/for-sale/7040/aulnois/vbd90742,7040,Villa,sale-,N/A,3,N/A,N/A,N/A,N/A
https://immovlan.be/en/detail/villa/for-sale/7330/saint-ghislain/vbd90741,7330,Villa,sale-,N/A,3,N/A,N/A,N/A,N/A
https://immovlan.be/en/detail/residence/for-sale/9040/sint-amandsberg/rbv34538,9040,Residence,sale-,N/A,3,102 m²,1,0,N/A
https://immovlan.be/en/detail/apartment/for-sale/3500/hasselt/rbv34536,3500,Apartment,sale-,N/A,1,78 m²,N/A,0,N/A
https://immovlan.be/en/detail/residence/for-sale/8340/damme/rbv34519,8340,Residence,sale-,N/A,6,345 m²,N/A,N/A,N/A
https://immovlan.be/en/detail/residence/for-sale/7160/chapelle-lez-herlaimont/vbd90739,7160,Residence,sale-,N/A,2,110 m²,N/A,N/A,N/A
https://immovlan.be/en/detail/residence/for-sale/9570/deftinge/rbv34518,9570,Residence,sale-,N/A,4,174 m²,N/A,0,N/A
https://immovlan.be/en/detail/apartment/for-sale/9473/welle/rbv34517,9473,Apartment,sale-,N/A,2,131 m²,N/A,0,N/A
https://immovlan.be/en/detail/residence/for-sale/5000/namur/vbd90738,5000,Residence,sale-,N/A,3,120 m²,N/A,0,N/A
https://immovlan.be/en/detail/residence/for-sale/7900/leuze-en-hainaut/vbd90736,7900,Residence,sale-,N/A,2,150 m²,N/A,0,N/A
https://immovlan.be/en/detail/residence/for-sale/7750/amougies/vbd90735,7750,Residence,sale-,N/A,2,125 m²,N/A,0,N/A
https://immovlan.be/en/detail/apartment/for-sale/7500/tournai/vbd90734,7500,Apartment,sale-,N/A,3,124 m²,N/A,0,N/A
https://immovlan.be/en/detail/residence/for-sale/7610/rumes/vbd90733,7610,Residence,sale-,N/A,3,240 m²,N/A,0,N/A
https://immovlan.be/en/detail/apartment/for-sale/7500/tournai/vbd90732,7500,Apartment,sale-,N/A,1,69 m²,N/A,0,N/A
https://immovlan.be/en/detail/residence/for-sale/7700/mouscron/vbd90731,7700,Residence,sale-,N/A,2,149 m²,N/A,0,N/A
https://immovlan.be/en/detail/residence/for-sale/7743/obigies/vbd90730,7743,Residence,sale-,N/A,2,N/A,N/A,0,N/A
https://immovlan.be/en/detail/residence/for-sale/7000/mons/vwd16742,7000,Residence,sale-,N/A,2,150 m²,N/A,N/A,N/A
https://immovlan.be/en/detail/apartment/for-sale/1180/ukkel/vbd90728,1180,Apartment,sale-,N/A,2,136 m²,N/A,0,N/A
https://immovlan.be/en/detail/residence/for-sale/7041/givry/vbd90727,7041,Residence,sale-,N/A,3,141 m²,N/A,0,N/A
https://immovlan.be/en/detail/residence/for-sale/7700/mouscron/vbd90721,7700,Residence,sale-,N/A,3,138 m²,N/A,0,N/A
https://immovlan.be/en/detail/residence/for-sale/7340/paturages/vbd90719,7340,Residence,sale-,N/A,3,103 m²,N/A,0,N/A
https://immovlan.be/en/detail/residence/for-sale/7972/quevaucamps/vbd90718,7972,Residence,sale-,N/A,6,197 m²,N/A,0,N/A
https://immovlan.be/en/detail/residence/for-sale/7080/sars-la-bruyere/vbd90713,7080,Residence,sale-,N/A,3,204 m²,N/A,0,N/A
https://immovlan.be/en/detail/residence/for-sale/7600/peruwelz/vbd90712,7600,Residence,sale-,N/A,2,153 m²,N/A,0,N/A
https://immovlan.be/en/detail/residence/for-sale/7340/wasmes/vbd90711,7340,Residence,sale-,N/A,4,161 m²,N/A,0,N/A
https://immovlan.be/en/detail/residence/for-sale/7390/quaregnon/vbd90707,7390,Residence,sale-,N/A,3,155 m²,N/A,0,N/A
https://immovlan.be/en/detail/residence/for-sale/1060/sint-gillis/vbd90706,1060,Residence,sale-,N/A,6,210 m²,N/A,1,N/A
https://immovlan.be/en/detail/residence/for-sale/7380/quievrain/vbd90703,7380,Residence,sale-,N/A,2,80 m²,N/A,0,N/A
https://immovlan.be/en/detail/residence/for-sale/7370/elouges/vbd90699,7370,Residence,sale-,N/A,1,102 m²,N/A,0,N/A
https://immovlan.be/en/detail/residence/for-sale/1060/sint-gillis/vbd90698,1060,Residence,sale-,N/A,6,210 m²,N/A,1,N/A
https://immovlan.be/en/detail/penthouse/for-sale/1140/evere/vbd90696,1140,Penthouse,sale-,N/A,3,180 m²,N/A,0,N/A
https://immovlan.be/en/detail/apartment/for-sale/1040/etterbeek/vbd90694,1040,Apartment,sale-,N/A,2,70 m²,N/A,0,N/A
https://immovlan.be/en/detail/duplex/for-sale/1070/anderlecht/vbd90693,1070,Duplex,sale-,N/A,4,255 m²,N/A,0,N/A
https://immovlan.be/en/detail/apartment/for-sale/1040/etterbeek/vbd90692,1040,Apartment,sale-,N/A,2,104 m²,N/A,0,N/A
https://immovlan.be/en/detail/apartment/for-sale/1040/etterbeek/vbd90691,1040,Apartment,sale-,N/A,2,100 m²,N/A,0,N/A
https://immovlan.be/en/detail/apartment/for-sale/1620/drogenbos/vbd90690,1620,Apartment,sale-,N/A,1,112 m²,N/A,0,N/A
https://immovlan.be/en/detail/villa/for-sale/1330/rixensart/vbd90689,N/A,N/A,N/A,N/A,N/A,N/A,N/A,N/A,N/A
https://immovlan.be/en/detail/apartment/for-sale/1140/evere/vbd90687,1140,Apartment,sale-,N/A,1,60 m²,N/A,0,N/A
https://immovlan.be/en/detail/apartment/for-sale/1140/evere/vbd90687,1140,Apartment,sale-,N/A,1,60 m²,N/A,0,N/A
https://immovlan.be/en/detail/studio/for-sale/1050/elsene/vbd90685,1050,Studio,sale-,N/A,N/A,30 m²,N/A,0,N/A
https://immovlan.be/en/detail/apartment/for-sale/1130/haren/vbd90683,1130,Apartment,sale-,N/A,2,117 m²,N/A,0,N/A
https://immovlan.be/en/detail/apartment/for-sale/1700/dilbeek/vbd90679,1700,Apartment,sale-,N/A,2,102 m²,N/A,0,N/A
https://immovlan.be/en/detail/apartment/for-sale/1700/dilbeek/vbd90678,1700,Apartment,sale-,N/A,2,102 m²,N/A,0,N/A
https://immovlan.be/en/detail/apartment/for-sale/1700/dilbeek/vbd90677,1700,Apartment,sale-,N/A,2,102 m²,N/A,0,N/A
https://immovlan.be/en/detail/residence/for-sale/7500/tournai/vbd90676,7500,Residence,sale-,N/A,2,208 m²,N/A,0,N/A
https://immovlan.be/en/detail/apartment/for-sale/1070/anderlecht/vbd90675,1070,Apartment,sale-,N/A,3,105 m²,N/A,0,N/A
https://immovlan.be/en/detail/residence/for-sale/7100/la-louviere/vbd90669,7100,Residence,sale-,N/A,3,226 m²,1,0,N/A
https://immovlan.be/en/detail/residence/for-sale/5150/floreffe/vbd90666,5150,Residence,sale-,N/A,5,216 m²,N/A,0,N/A
https://immovlan.be/en/detail/residence/for-sale/7730/estaimbourg/vwd16741,7730,Residence,sale-,N/A,3,130 m²,N/A,N/A,N/A
https://immovlan.be/en/detail/residence/for-sale/9180/moerbeke-waas/rbv34516,9180,Residence,sale-,N/A,3,197 m²,N/A,0,N/A
https://immovlan.be/en/detail/apartment/for-sale/5300/andenne/vbd90663,5300,Apartment,sale-,N/A,2,87 m²,N/A,0,N/A
https://immovlan.be/en/detail/villa/for-sale/3010/kessel-lo/rbv34513,3010,Villa,sale-,N/A,4,233 m²,N/A,0,N/A
https://immovlan.be/en/detail/residence/for-sale/2040/berendrecht/rbv34511,2040,Residence,sale-,N/A,3,135 m²,N/A,0,N/A
https://immovlan.be/en/detail/residence/for-sale/4460/grace-hollogne/vbd90651,4460,Residence,sale-,N/A,4,109 m²,1,0,N/A
https://immovlan.be/en/detail/residence/for-sale/8531/bavikhove/rbv34510,8531,Residence,sale-,N/A,4,260 m²,1,0,N/A
https://immovlan.be/en/detail/residence/for-sale/7500/tournai/rbv34509,7500,Residence,sale-,N/A,3,145 m²,1,N/A,N/A
https://immovlan.be/en/detail/residence/for-sale/7500/tournai/rbv34508,7500,Residence,sale-,N/A,2,115 m²,N/A,N/A,N/A
https://immovlan.be/en/detail/mixed-building/for-sale/8531/bavikhove/rbv34507,8531,Mixed,for,N/A,3,375 m²,1,N/A,N/A
https://immovlan.be/en/detail/apartment/for-sale/7750/mont-de-l-enclus/rbv34506,7750,Apartment,sale-,N/A,1,55 m²,1,0,N/A
https://immovlan.be/en/detail/residence/for-sale/8530/harelbeke/rbv34504,8530,Residence,sale-,N/A,3,150 m²,1,0,N/A
https://immovlan.be/en/detail/apartment/for-sale/8530/harelbeke/rbv34502,8530,Apartment,sale-,N/A,2,98 m²,1,0,N/A
https://immovlan.be/en/detail/apartment/for-sale/8530/harelbeke/rbv34501,8530,Apartment,sale-,N/A,2,81 m²,1,0,N/A
https://immovlan.be/en/detail/residence/for-sale/8790/waregem/rbv34500,8790,Residence,sale-,N/A,3,160 m²,1,0,N/A
https://immovlan.be/en/detail/mixed-building/for-sale/1140/evere/vbd90649,1140,Mixed,for,N/A,4,202 m²,1,0,N/A
https://immovlan.be/en/detail/duplex/for-sale/1140/evere/vbd90648,1140,Duplex,sale-,N/A,2,98 m²,1,0,N/A
https://immovlan.be/en/detail/ground-floor/for-sale/1140/evere/vbd90647,1140,Ground,for,N/A,2,113 m²,1,0,N/A
https://immovlan.be/en/detail/residence/for-sale/2340/vlimmeren/rbv34499,2340,Residence,sale-,N/A,6,308 m²,1,N/A,N/A
https://immovlan.be/en/detail/residence/for-sale/9260/wichelen/rbv34498,9260,Residence,sale-,N/A,3,166 m²,1,0,N/A
https://immovlan.be/en/detail/duplex/for-sale/5000/namur/vbd90643,5000,Duplex,sale-,N/A,1,52 m²,N/A,0,N/A
https://immovlan.be/en/detail/apartment/for-sale/1180/ukkel/vbd90638,1180,Apartment,sale-,N/A,1,65 m²,N/A,N/A,N/A
https://immovlan.be/en/detail/residence/for-sale/4000/liege/vbd90637,4000,Residence,sale-,N/A,9,200 m²,N/A,0,N/A
https://immovlan.be/en/detail/apartment/for-sale/3550/heusden-zolder/rbv34494,3550,Apartment,sale-,N/A,2,94 m²,1,0,N/A
https://immovlan.be/en/detail/apartment/for-sale/3550/heusden-zolder/rbv34493,3550,Apartment,sale-,N/A,2,94 m²,1,0,N/A
https://immovlan.be/en/detail/residence/for-sale/1180/ukkel/vbd90633,1180,Residence,sale-,N/A,5,220 m²,1,0,N/A
https://immovlan.be/en/detail/villa/for-sale/1410/waterloo/vbd90632,1410,Villa,sale-,N/A,4,304 m²,1,0,N/A
https://immovlan.be/en/detail/residence/for-sale/9500/geraardsbergen/rbv34492,9500,Residence,sale-,N/A,3,207 m²,N/A,0,N/A
https://immovlan.be/en/detail/villa/for-sale/8531/bavikhove/vbd90630,8531,Villa,sale-,N/A,5,490 m²,1,0,N/A
https://immovlan.be/en/detail/cottage/for-sale/8550/zwevegem/vbd90629,8550,Cottage,sale-,N/A,2,301 m²,1,0,N/A
https://immovlan.be/en/detail/apartment/for-sale/4020/liege/vbd90628,4020,Apartment,sale-,N/A,1,N/A,N/A,N/A,N/A
https://immovlan.be/en/detail/residence/for-sale/4607/dalhem/vbd90626,4607,Residence,sale-,N/A,N/A,N/A,N/A,N/A,N/A
https://immovlan.be/en/detail/mixed-building/for-sale/4100/seraing/vbd90623,4100,Mixed,for,N/A,3,182 m²,1,0,N/A
https://immovlan.be/en/detail/residence/for-sale/4000/liege/vbd90622,4000,Residence,sale-,N/A,3,114 m²,N/A,0,N/A
https://immovlan.be/en/detail/apartment/for-sale/4000/liege/vbd90620,4000,Apartment,sale-,N/A,1,59 m²,1,0,N/A
https://immovlan.be/en/detail/residence/for-sale/4500/huy/vbd90618,4500,Residence,sale-,N/A,4,130 m²,N/A,0,N/A
https://immovlan.be/en/detail/residence/for-sale/2270/herenthout/rbv34491,2270,Residence,sale-,N/A,4,171 m²,N/A,N/A,N/A
https://immovlan.be/en/detail/apartment/for-sale/8620/nieuwpoort/rbv34490,8620,Apartment,sale-,N/A,0,42 m²,N/A,1,N/A
https://immovlan.be/en/detail/residence/for-sale/9220/hamme/rbv34489,9220,Residence,sale-,N/A,2,124 m²,N/A,N/A,N/A
https://immovlan.be/en/detail/apartment/for-sale/5560/houyet/vbd90608,5560,Apartment,sale-,N/A,1,40 m²,1,0,N/A
https://immovlan.be/en/detail/apartment/for-sale/9000/gent/rbv34487,9000,Apartment,sale-,N/A,1,54 m²,N/A,0,N/A
https://immovlan.be/en/detail/apartment/for-sale/4020/liege/vbd90603,4020,Apartment,sale-,N/A,2,77 m²,N/A,0,N/A
https://immovlan.be/en/detail/residence/for-sale/4960/malmedy/vbd90602,4960,Residence,sale-,N/A,3,90 m²,N/A,0,N/A
https://immovlan.be/en/detail/residence/for-sale/6700/arlon/vbd90600,6700,Residence,sale-,N/A,4,240 m²,1,0,N/A
https://immovlan.be/en/detail/residence/for-sale/9550/herzele/rbv34485,9550,Residence,sale-,N/A,5,350 m²,N/A,0,N/A
https://immovlan.be/en/detail/apartment/for-sale/7500/tournai/vbd90599,7500,Apartment,sale-,N/A,2,88 m²,1,0,N/A
https://immovlan.be/en/detail/residence/for-sale/7060/soignies/vbd90595,7060,Residence,sale-,N/A,2,140 m²,N/A,N/A,N/A
https://immovlan.be/en/detail/ground-floor/for-sale/1785/merchtem/rbv34484,1785,Ground,for,N/A,2,120 m²,1,0,N/A
https://immovlan.be/en/detail/mixed-building/for-sale/1000/brussels/vbd90590,1000,Mixed,for,N/A,3,274 m²,1,0,N/A
https://immovlan.be/en/detail/mixed-building/for-sale/1210/sint-joost-ten-node/vbd90589,1210,Mixed,for,N/A,6,270 m²,1,0,N/A
https://immovlan.be/en/detail/duplex/for-sale/1210/sint-joost-ten-node/vbd90587,1210,Duplex,sale-,N/A,2,90 m²,1,0,N/A
https://immovlan.be/en/detail/triplex/for-sale/1210/sint-joost-ten-node/vbd90586,1210,Triplex,sale-,N/A,4,180 m²,1,0,N/A
https://immovlan.be/en/detail/ground-floor/for-sale/1170/watermaal-bosvoorde/vbd90585,1170,Ground,for,N/A,2,88 m²,1,0,N/A
https://immovlan.be/en/detail/residence/for-sale/4031/angleur/vbd90583,N/A,N/A,N/A,N/A,N/A,N/A,N/A,N/A,N/A
https://immovlan.be/en/detail/duplex/for-sale/3970/leopoldsburg/rbv34483,3970,Duplex,sale-,N/A,2,105 m²,1,0,N/A
https://immovlan.be/en/detail/studio/for-sale/1030/schaarbeek/vbd90579,1030,Studio,sale-,N/A,0,40 m²,N/A,0,N/A
https://immovlan.be/en/detail/residence/for-sale/1200/sint-lambrechts-woluwe/vbd90577,1200,Residence,sale-,N/A,4,195 m²,1,0,N/A
https://immovlan.be/en/detail/duplex/for-sale/1030/schaarbeek/vbd90576,1030,Duplex,sale-,N/A,3,112 m²,1,0,N/A
https://immovlan.be/en/detail/duplex/for-sale/1030/schaarbeek/vbd90575,1030,Duplex,sale-,N/A,3,110 m²,N/A,0,N/A
https://immovlan.be/en/detail/apartment/for-sale/4000/liege/vbd90571,4000,Apartment,sale-,N/A,3,142 m²,N/A,0,N/A
https://immovlan.be/en/detail/apartment/for-sale/1090/jette/vbd90570,1090,Apartment,sale-,N/A,3,102 m²,N/A,N/A,N/A
https://immovlan.be/en/detail/studio/for-sale/7500/tournai/vwd16739,7500,Studio,sale-,N/A,1,41 m²,1,N/A,N/A
https://immovlan.be/en/detail/residence/for-sale/5364/schaltin/vbd90569,5364,Residence,sale-,N/A,3,158 m²,1,N/A,N/A
https://immovlan.be/en/detail/residence/for-sale/5364/schaltin/vbd90568,5364,Residence,sale-,N/A,4,175 m²,1,N/A,N/A
https://immovlan.be/en/detail/residence/for-sale/1840/londerzeel/rbv34481,1840,Residence,sale-,N/A,4,132 m²,1,N/A,N/A
https://immovlan.be/en/detail/residence/for-sale/7640/antoing/vwd16738,7640,Residence,sale-,N/A,3,140 m²,1,N/A,N/A
https://immovlan.be/en/detail/apartment/for-sale/1080/sint-jans-molenbeek/vbd90566,1080,Apartment,sale-,N/A,2,N/A,N/A,N/A,N/A
https://immovlan.be/en/detail/residence/for-sale/6997/erezee/vbd90564,6997,Residence,sale-,N/A,1,200 m²,N/A,0,N/A
https://immovlan.be/en/detail/residence/for-sale/6120/nalinnes/vwd16737,6120,Residence,sale-,N/A,3,100 m²,1,N/A,N/A
https://immovlan.be/en/detail/residence/for-sale/7522/blandain/vwd16736,7522,Residence,sale-,N/A,3,151 m²,1,N/A,N/A
https://immovlan.be/en/detail/residence/for-sale/8530/harelbeke/rbv34480,8530,Residence,sale-,N/A,3,159 m²,1,0,N/A
https://immovlan.be/en/detail/apartment/for-sale/7060/soignies/vbd90560,7060,Apartment,sale-,N/A,2,N/A,N/A,N/A,N/A
https://immovlan.be/en/detail/villa/for-sale/7160/chapelle-lez-herlaimont/vbd90559,7160,Villa,sale-,N/A,2,148 m²,1,N/A,N/A
https://immovlan.be/en/detail/residence/for-sale/7160/chapelle-lez-herlaimont/vbd90556,7160,Residence,sale-,N/A,5,175 m²,1,0,N/A
https://immovlan.be/en/detail/residence/for-sale/6000/charleroi/vbd90554,6000,Residence,sale-,N/A,5,N/A,N/A,0,N/A
https://immovlan.be/en/detail/apartment/for-sale/2310/rijkevorsel/rbv34475,2310,Apartment,sale-,N/A,7,N/A,N/A,0,N/A
https://immovlan.be/en/detail/apartment/for-sale/2310/rijkevorsel/rbv34474,2310,Apartment,sale-,N/A,2,95 m²,1,0,N/A
https://immovlan.be/en/detail/duplex/for-sale/2310/rijkevorsel/rbv34473,2310,Duplex,sale-,N/A,2,132 m²,1,0,N/A
https://immovlan.be/en/detail/apartment/for-sale/2310/rijkevorsel/rbv34472,2310,Apartment,sale-,N/A,2,95 m²,1,0,N/A
https://immovlan.be/en/detail/apartment/for-sale/2310/rijkevorsel/rbv34471,2310,Apartment,sale-,N/A,1,70 m²,1,0,N/A
https://immovlan.be/en/detail/apartment/for-sale/8620/nieuwpoort/rbv34469,8620,Apartment,sale-,N/A,1,N/A,N/A,N/A,N/A
https://immovlan.be/en/detail/apartment/for-sale/1082/berchem-sainte-agathe/vbd90550,1082,Apartment,sale-,N/A,1,55 m²,1,0,N/A
https://immovlan.be/en/detail/duplex/for-sale/4100/seraing/vbd90548,4100,Duplex,sale-,N/A,2,90 m²,N/A,0,N/A
https://immovlan.be/en/detail/apartment/for-sale/4100/seraing/vbd90547,4100,Apartment,sale-,N/A,2,67 m²,N/A,0,N/A
https://immovlan.be/en/detail/apartment/for-sale/2020/antwerp/rbv34467,2020,Apartment,sale-,N/A,1,42 m²,N/A,0,N/A
https://immovlan.be/en/detail/triplex/for-sale/1060/sint-gillis/vbd90546,1060,Triplex,sale-,N/A,3,190 m²,1,1,N/A
https://immovlan.be/en/detail/triplex/for-sale/1050/elsene/vbd90545,1050,Triplex,sale-,N/A,3,190 m²,1,1,N/A
https://immovlan.be/en/detail/residence/for-sale/3500/hasselt/rbv34465,3500,Residence,sale-,N/A,4,N/A,N/A,N/A,N/A
https://immovlan.be/en/detail/residence/for-sale/3450/geetbets/rbv34464,3450,Residence,sale-,N/A,1,143 m²,N/A,N/A,N/A
https://immovlan.be/en/detail/residence/for-sale/3520/zonhoven/rbv34461,3520,Residence,sale-,N/A,4,253 m²,N/A,N/A,N/A
https://immovlan.be/en/detail/residence/for-sale/4180/hamoir/vbd90543,4180,Residence,sale-,N/A,3,99 m²,N/A,0,N/A
https://immovlan.be/en/detail/residence/for-sale/5000/namur/vbd90542,5000,Residence,sale-,N/A,3,140 m²,N/A,0,N/A
https://immovlan.be/en/detail/residence/for-sale/3020/herent/rbv34460,3020,Residence,sale-,N/A,3,275 m²,N/A,N/A,N/A
https://immovlan.be/en/detail/apartment/for-sale/1030/schaarbeek/vbd90539,1030,Apartment,sale-,N/A,3,117 m²,N/A,N/A,N/A
https://immovlan.be/en/detail/residence/for-sale/8400/oostende/rbv34459,8400,Residence,sale-,N/A,4,158 m²,N/A,N/A,N/A
https://immovlan.be/en/detail/residence/for-sale/7340/colfontaine/vbd90537,7340,Residence,sale-,N/A,2,95 m²,N/A,0,N/A
https://immovlan.be/en/detail/residence/for-sale/3640/kinrooi/rbv34456,3640,Residence,sale-,N/A,5,195 m²,N/A,N/A,N/A
https://immovlan.be/en/detail/villa/for-sale/7700/mouscron/vbd90536,7700,Villa,sale-,N/A,3,N/A,N/A,N/A,N/A
https://immovlan.be/en/detail/residence/for-sale/4630/soumagne/vbd90534,4630,Residence,sale-,N/A,3,209 m²,N/A,N/A,N/A
https://immovlan.be/en/detail/apartment/for-sale/4030/grivegnee/vbd90533,4030,Apartment,sale-,N/A,2,117 m²,N/A,N/A,N/A
https://immovlan.be/en/detail/apartment/for-sale/8000/brugge/rbv34455,8000,Apartment,sale-,N/A,2,73 m²,N/A,N/A,N/A
https://immovlan.be/en/detail/residence/for-sale/8310/assebroek/rbv34454,8310,Residence,sale-,N/A,4,152 m²,N/A,N/A,N/A
https://immovlan.be/en/detail/residence/for-sale/1500/halle/rbv34453,1500,Residence,sale-,N/A,2,116 m²,N/A,N/A,N/A
https://immovlan.be/en/detail/mixed-building/for-sale/4000/liege/vbd90532,4000,Mixed,for,N/A,4,140 m²,N/A,0,N/A
https://immovlan.be/en/detail/residence/for-sale/3070/kortenberg/rbv34452,3070,Residence,sale-,N/A,5,N/A,N/A,0,N/A
https://immovlan.be/en/detail/residence/for-sale/8890/dadizele/rbv34451,8890,Residence,sale-,N/A,4,165 m²,N/A,N/A,N/A
https://immovlan.be/en/detail/apartment/for-sale/4000/liege/vbd90530,4000,Apartment,sale-,N/A,1,58 m²,1,0,N/A
https://immovlan.be/en/detail/residence/for-sale/5670/viroinval/vbd90529,5670,Residence,sale-,N/A,3,111 m²,1,N/A,N/A
https://immovlan.be/en/detail/residence/for-sale/5080/rhisnes/vbd90526,5080,Residence,sale-,N/A,3,N/A,N/A,N/A,N/A
https://immovlan.be/en/detail/penthouse/for-sale/1190/vorst/vbd90525,1190,Penthouse,sale-,N/A,3,135 m²,N/A,0,N/A
https://immovlan.be/en/detail/apartment/for-sale/2060/antwerp/rbv34449,2060,Apartment,sale-,N/A,1,56 m²,N/A,0,N/A
https://immovlan.be/en/detail/residence/for-sale/2340/vlimmeren/rbv34444,2340,Residence,sale-,N/A,3,153 m²,N/A,0,N/A
https://immovlan.be/en/detail/residence/for-sale/1440/braine-le-chateau/vwd16733,1440,Residence,sale-,N/A,3,145 m²,1,N/A,N/A
https://immovlan.be/en/detail/residence/for-sale/7170/la-hestre/vbd90521,7170,Residence,sale-,N/A,4,264 m²,1,0,N/A
https://immovlan.be/en/detail/residence/for-sale/2480/dessel/rbv34443,2480,Residence,sale-,N/A,3,N/A,N/A,0,N/A
https://immovlan.be/en/detail/apartment/for-sale/1081/koekelberg/vbd90520,1081,Apartment,sale-,N/A,3,125 m²,1,N/A,N/A
https://immovlan.be/en/detail/apartment/for-sale/9450/haaltert/rbv34441,9450,Apartment,sale-,N/A,2,83 m²,1,0,N/A
https://immovlan.be/en/detail/mixed-building/for-sale/4020/liege/vbd90518,4020,Mixed,for,N/A,6,146 m²,1,0,N/A
https://immovlan.be/en/detail/residence/for-sale/4020/liege/vbd90517,4020,Residence,sale-,N/A,6,146 m²,1,0,N/A
https://immovlan.be/en/detail/master-house/for-sale/2500/lier/rbv34439,2500,Master,for,N/A,1,269 m²,N/A,0,N/A
https://immovlan.be/en/detail/residence/for-sale/2800/mechelen/rbv34438,2800,Residence,sale-,N/A,3,217 m²,N/A,N/A,N/A
https://immovlan.be/en/detail/apartment/for-sale/2180/ekeren/rbv34433,2180,Apartment,sale-,N/A,1,67 m²,N/A,0,N/A
https://immovlan.be/en/detail/master-house/for-sale/8940/wervik/rwc41895,8940,Master,for,N/A,5,285 m²,1,N/A,N/A
https://immovlan.be/en/detail/apartment/for-sale/2170/merksem/rbv34431,2170,Apartment,sale-,N/A,2,89 m²,N/A,0,N/A
https://immovlan.be/en/detail/studio/for-sale/1083/ganshoren/vbd90512,1083,Studio,sale-,N/A,0,34 m²,N/A,0,N/A
https://immovlan.be/en/detail/residence/for-sale/2900/schoten/rbv34430,2900,Residence,sale-,N/A,3,200 m²,N/A,0,N/A
https://immovlan.be/en/detail/residence/for-sale/9150/bazel/rbv34429,9150,Residence,sale-,N/A,5,129 m²,N/A,0,N/A
https://immovlan.be/en/detail/apartment/for-sale/2018/antwerp/rbv34427,2018,Apartment,sale-,N/A,1,51 m²,N/A,0,N/A
https://immovlan.be/en/detail/apartment/for-sale/2140/borgerhout/rbv34426,2140,Apartment,sale-,N/A,2,93 m²,N/A,0,N/A
https://immovlan.be/en/detail/penthouse/for-sale/1180/ukkel/vbd90511,1180,Penthouse,sale-,N/A,2,118 m²,N/A,0,N/A
https://immovlan.be/en/detail/apartment/for-sale/2610/wilrijk/rbv34425,2610,Apartment,sale-,N/A,1,65 m²,N/A,0,N/A
https://immovlan.be/en/detail/apartment/for-sale/1080/sint-jans-molenbeek/vbd90510,1080,Apartment,sale-,N/A,3,150 m²,N/A,0,N/A
https://immovlan.be/en/detail/apartment/for-sale/2060/antwerp/rbv34424,2060,Apartment,sale-,N/A,2,86 m²,N/A,0,N/A
https://immovlan.be/en/detail/residence/for-sale/7387/honnelles/vbd90508,7387,Residence,sale-,N/A,3,N/A,N/A,N/A,N/A
https://immovlan.be/en/detail/apartment/for-sale/2845/niel/rbv34421,2845,Apartment,sale-,N/A,1,54 m²,N/A,0,N/A
https://immovlan.be/en/detail/residence/for-sale/3050/oud-heverlee/rbv34420,3050,Residence,sale-,N/A,1,112 m²,N/A,0,N/A
https://immovlan.be/en/detail/penthouse/for-sale/1480/tubize/vbd90502,1480,Penthouse,sale-,N/A,2,101 m²,N/A,0,N/A
https://immovlan.be/en/detail/apartment/for-sale/1200/sint-lambrechts-woluwe/vbd90501,1200,Apartment,sale-,N/A,1,55 m²,N/A,0,N/A
https://immovlan.be/en/detail/apartment/for-sale/1480/tubize/vbd90499,1480,Apartment,sale-,N/A,3,114 m²,N/A,0,N/A
https://immovlan.be/en/detail/residence/for-sale/7971/thumaide/vbd90496,7971,Residence,sale-,N/A,3,166 m²,N/A,0,N/A
https://immovlan.be/en/detail/residence/for-sale/8310/assebroek/rwc41893,8310,Residence,sale-,N/A,4,213 m²,1,N/A,N/A
https://immovlan.be/en/detail/duplex/for-sale/1850/grimbergen/rbv34418,1850,Duplex,sale-,N/A,5,192 m²,N/A,0,N/A
https://immovlan.be/en/detail/duplex/for-sale/1850/grimbergen/rbv34417,1850,Duplex,sale-,N/A,4,156 m²,N/A,0,N/A
https://immovlan.be/en/detail/apartment/for-sale/9470/denderleeuw/rbv34414,9470,Apartment,sale-,N/A,1,55 m²,N/A,0,N/A
https://immovlan.be/en/detail/apartment/for-sale/1060/sint-gillis/vbd90494,1060,Apartment,sale-,N/A,1,63 m²,N/A,0,N/A
https://immovlan.be/en/detail/residence/for-sale/6950/nassogne/vbd90461,6950,Residence,sale-,N/A,3,N/A,N/A,0,N/A
https://immovlan.be/en/detail/residence/for-sale/1980/zemst/rbv34412,1980,Residence,sale-,N/A,3,171 m²,N/A,N/A,N/A
https://immovlan.be/en/detail/residence/for-sale/1150/sint-pieters-woluwe/vbd90449,1150,Residence,sale-,N/A,3,113 m²,1,0,N/A
https://immovlan.be/en/detail/apartment/for-sale/1082/berchem-sainte-agathe/vbd90435,1082,Apartment,sale-,N/A,2,95 m²,1,0,N/A
https://immovlan.be/en/detail/residence/for-sale/4030/grivegnee/vbd90433,4030,Residence,sale-,N/A,2,100 m²,1,0,N/A
https://immovlan.be/en/detail/apartment/for-sale/1030/schaarbeek/vbd90432,1030,Apartment,sale-,N/A,3,115 m²,1,0,N/A
https://immovlan.be/en/detail/apartment/for-sale/1030/schaarbeek/vbd90431,1030,Apartment,sale-,N/A,2,115 m²,1,0,N/A
https://immovlan.be/en/detail/residence/for-sale/5550/mouzaive/vwd16732,5550,Residence,sale-,N/A,8,400 m²,1,N/A,N/A
https://immovlan.be/en/detail/apartment/for-sale/1140/evere/vbd90429,1140,Apartment,sale-,N/A,2,87 m²,1,0,N/A
https://immovlan.be/en/detail/studio/for-sale/1140/evere/vbd90428,1140,Studio,sale-,N/A,0,38 m²,1,0,N/A
https://immovlan.be/en/detail/apartment/for-sale/1140/evere/vbd90427,1140,Apartment,sale-,N/A,1,69 m²,1,0,N/A
https://immovlan.be/en/detail/residence/for-sale/7700/mouscron/vbd90426,7700,Residence,sale-,N/A,4,154 m²,N/A,0,N/A
https://immovlan.be/en/detail/residence/for-sale/7730/leers-nord/vbd90425,7730,Residence,sale-,N/A,2,N/A,N/A,0,N/A
https://immovlan.be/en/detail/penthouse/for-sale/9500/geraardsbergen/rwc41892,9500,Penthouse,sale-,N/A,2,85 m²,1,N/A,N/A
https://immovlan.be/en/detail/apartment/for-sale/7700/mouscron/vbd90423,7700,Apartment,sale-,N/A,N/A,45 m²,N/A,0,N/A
https://immovlan.be/en/detail/residence/for-sale/6820/florenville/vwd16731,6820,Residence,sale-,N/A,3,162 m²,1,N/A,N/A
https://immovlan.be/en/detail/apartment/for-sale/1040/etterbeek/vbd90420,1040,Apartment,sale-,N/A,N/A,45 m²,N/A,N/A,N/A
https://immovlan.be/en/detail/apartment/for-sale/1030/schaarbeek/vbd90419,1030,Apartment,sale-,N/A,3,115 m²,1,0,N/A
https://immovlan.be/en/detail/studio/for-sale/2018/antwerp/rbv34409,2018,Studio,sale-,N/A,1,33 m²,1,N/A,N/A
https://immovlan.be/en/detail/residence/for-sale/1400/nivelles/rbv34408,1400,Residence,sale-,N/A,2,80 m²,N/A,0,N/A
https://immovlan.be/en/detail/residence/for-sale/8520/kuurne/rbv34407,8520,Residence,sale-,N/A,3,185 m²,1,0,N/A
https://immovlan.be/en/detail/residence/for-sale/8700/tielt/rbv34406,8700,Residence,sale-,N/A,4,207 m²,1,0,N/A
https://immovlan.be/en/detail/residence/for-sale/4190/xhoris/vbd90411,4190,Residence,sale-,N/A,4,227 m²,N/A,0,N/A
https://immovlan.be/en/detail/residence/for-sale/8550/zwevegem/rbv34405,8550,Residence,sale-,N/A,2,180 m²,N/A,0,N/A
https://immovlan.be/en/detail/residence/for-sale/8530/harelbeke/rbv34404,8530,Residence,sale-,N/A,3,138 m²,1,0,N/A
https://immovlan.be/en/detail/residence/for-sale/8530/harelbeke/rbv34403,8530,Residence,sale-,N/A,3,138 m²,1,0,N/A
https://immovlan.be/en/detail/residence/for-sale/8570/anzegem/rbv34402,8570,Residence,sale-,N/A,3,175 m²,1,0,N/A
https://immovlan.be/en/detail/residence/for-sale/9000/gent/rbv34401,9000,Residence,sale-,N/A,3,177 m²,N/A,0,N/A
https://immovlan.be/en/detail/apartment/for-sale/1030/schaarbeek/vbd90409,1030,Apartment,sale-,N/A,3,140 m²,N/A,0,N/A
https://immovlan.be/en/detail/apartment/for-sale/1180/ukkel/vbd90407,1180,Apartment,sale,N/A,1,67 m²,1,N/A,N/A
https://immovlan.be/en/detail/apartment/for-sale/1080/sint-jans-molenbeek/vbd90406,1080,Apartment,sale,N/A,1,60 m²,1,N/A,N/A
https://immovlan.be/en/detail/apartment/for-sale/1000/brussels/vbd90405,1000,Apartment,sale-,N/A,1,55 m²,1,N/A,N/A
https://immovlan.be/en/detail/residence/for-sale/4520/wanze/vbd90404,4520,Residence,sale-,N/A,2,120 m²,1,0,N/A
https://immovlan.be/en/detail/residence/for-sale/1070/anderlecht/rbv34399,1070,Residence,sale-,N/A,4,N/A,1,N/A,N/A
https://immovlan.be/en/detail/residence/for-sale/2470/retie/vbd90402,2470,Residence,sale-,N/A,3,190 m²,N/A,N/A,N/A
https://immovlan.be/en/detail/residence/for-sale/2470/retie/vbd90401,2470,Residence,sale-,N/A,3,248 m²,N/A,N/A,N/A
https://immovlan.be/en/detail/residence/for-sale/2460/kasterlee/vbd90400,2460,Residence,sale-,N/A,4,220 m²,N/A,N/A,N/A
https://immovlan.be/en/detail/residence/for-sale/2590/berlaar/vbd90399,2590,Residence,sale-,N/A,3,182 m²,N/A,N/A,N/A
https://immovlan.be/en/detail/residence/for-sale/2950/kapellen/vbd90397,2950,Residence,sale-,N/A,4,374 m²,N/A,N/A,N/A
https://immovlan.be/en/detail/residence/for-sale/2390/malle/vbd90396,2390,Residence,sale-,N/A,3,184 m²,N/A,N/A,N/A
https://immovlan.be/en/detail/apartment/for-sale/3970/leopoldsburg/rbv34398,3970,Apartment,sale-,N/A,2,86 m²,N/A,0,N/A
https://immovlan.be/en/detail/residence/for-sale/2900/schoten/vbd90395,2900,Residence,sale-,N/A,3,185 m²,N/A,N/A,N/A
https://immovlan.be/en/detail/residence/for-sale/2970/schilde/vbd90394,2970,Residence,sale-,N/A,3,190 m²,N/A,N/A,N/A
https://immovlan.be/en/detail/residence/for-sale/2950/kapellen/vbd90393,2950,Residence,sale-,N/A,3,180 m²,N/A,N/A,N/A
https://immovlan.be/en/detail/residence/for-sale/3580/beringen/rbv34397,3580,Residence,sale-,N/A,6,347 m²,N/A,0,N/A
https://immovlan.be/en/detail/residence/for-sale/2490/balen/rbv34396,2490,Residence,sale-,N/A,4,215 m²,N/A,0,N/A
https://immovlan.be/en/detail/residence/for-sale/7370/elouges/vbd90392,7370,Residence,sale-,N/A,3,91 m²,N/A,0,N/A
https://immovlan.be/en/detail/residence/for-sale/7387/roisin/vbd90391,7387,Residence,sale-,N/A,3,256 m²,N/A,0,N/A
https://immovlan.be/en/detail/residence/for-sale/7340/paturages/vbd90390,7340,Residence,sale-,N/A,1,92 m²,N/A,0,N/A
https://immovlan.be/en/detail/residence/for-sale/7370/dour/vbd90389,7370,Residence,sale-,N/A,2,114 m²,N/A,0,N/A
https://immovlan.be/en/detail/residence/for-sale/7012/jemappes/vbd90388,7012,Residence,sale-,N/A,3,187 m²,N/A,0,N/A
https://immovlan.be/en/detail/residence/for-sale/7387/roisin/vbd90386,7387,Residence,sale-,N/A,3,116 m²,N/A,0,N/A
https://immovlan.be/en/detail/villa/for-sale/1790/affligem/rbv34395,1790,Villa,sale-,N/A,4,344 m²,N/A,0,N/A
https://immovlan.be/en/detail/apartment/for-sale/3090/overijse/rbv34394,3090,Apartment,sale-,N/A,2,100 m²,1,0,N/A
https://immovlan.be/en/detail/apartment/for-sale/1060/sint-gillis/vbd90379,1060,Apartment,sale-,N/A,N/A,205 m²,N/A,N/A,N/A
https://immovlan.be/en/detail/apartment/for-sale/1050/elsene/vbd90378,1050,Apartment,sale-,N/A,3,131 m²,N/A,N/A,N/A
https://immovlan.be/en/detail/apartment/for-sale/1040/etterbeek/vbd90377,1040,Apartment,sale-,N/A,2,148 m²,N/A,N/A,N/A
https://immovlan.be/en/detail/residence/for-sale/4560/bois-et-borsu/vbd90376,4560,Residence,sale-,N/A,4,184 m²,N/A,N/A,N/A
https://immovlan.be/en/detail/residence/for-sale/1853/strombeek-bever/vbd90375,1853,Residence,sale-,N/A,4,170 m²,N/A,0,N/A
https://immovlan.be/en/detail/residence/for-sale/3500/hasselt/rbv34391,3500,Residence,sale-,N/A,4,164 m²,N/A,0,N/A
https://immovlan.be/en/detail/residence/for-sale/3550/zolder/rbv34390,3550,Residence,sale-,N/A,4,220 m²,N/A,0,N/A
https://immovlan.be/en/detail/residence/for-sale/3550/zolder/rbv34389,3550,Residence,sale-,N/A,4,220 m²,N/A,0,N/A
https://immovlan.be/en/detail/residence/for-sale/3550/heusden/rbv34388,3550,Residence,sale-,N/A,3,223 m²,N/A,0,N/A
https://immovlan.be/en/detail/apartment/for-sale/5100/jambes/vbd90371,5100,Apartment,sale-,N/A,2,130 m²,1,0,N/A
https://immovlan.be/en/detail/residence/for-sale/9180/moerbeke-waas/rbv34385,9180,Residence,sale-,N/A,3,140 m²,N/A,0,N/A
https://immovlan.be/en/detail/villa/for-sale/1180/ukkel/vbd90370,1180,Villa,sale-,N/A,5,370 m²,1,0,N/A
https://immovlan.be/en/detail/villa/for-sale/3080/tervuren/vbd90369,3080,Villa,sale-,N/A,5,450 m²,1,0,N/A
https://immovlan.be/en/detail/villa/for-sale/1180/ukkel/vbd90367,1180,Villa,sale-,N/A,6,773 m²,N/A,0,N/A
https://immovlan.be/en/detail/residence/for-sale/3000/leuven/rbv34384,3000,Residence,sale-,N/A,6,253 m²,N/A,0,N/A
https://immovlan.be/en/detail/mixed-building/for-sale/1325/chaumont-gistoux/vbd90366,1325,Mixed,for,N/A,3,308 m²,N/A,1,N/A
https://immovlan.be/en/detail/residence/for-sale/6666/wibrin/vwd16729,6666,Residence,sale-,N/A,4,175 m²,N/A,N/A,N/A
https://immovlan.be/en/detail/duplex/for-sale/4040/herstal/vbd90365,4040,Duplex,sale-,N/A,3,110 m²,1,0,N/A
https://immovlan.be/en/detail/residence/for-sale/8660/de-panne/rbv34382,8660,Residence,sale-,N/A,3,120 m²,N/A,N/A,N/A
https://immovlan.be/en/detail/residence/for-sale/2500/koningshooikt/rbv34380,2500,Residence,sale-,N/A,3,183 m²,N/A,N/A,N/A
https://immovlan.be/en/detail/villa/for-sale/1600/sint-pieters-leeuw/rbv34379,1600,Villa,sale-,N/A,5,227 m²,N/A,0,N/A
https://immovlan.be/en/detail/villa/for-sale/1640/sint-genesius-rode/vbd90359,1640,Villa,sale-,N/A,4,361 m²,1,N/A,N/A
https://immovlan.be/en/detail/residence/for-sale/1770/liedekerke/rwc41888,1770,Residence,sale-,N/A,3,150 m²,1,N/A,N/A
https://immovlan.be/en/detail/apartment/for-sale/1190/vorst/vbd90356,1190,Apartment,sale-,N/A,1,46 m²,N/A,0,N/A
https://immovlan.be/en/detail/mixed-building/for-sale/4130/esneux/vbd90354,4130,Mixed,for,N/A,2,80 m²,N/A,0,N/A
https://immovlan.be/en/detail/residence/for-sale/4041/milmort/vbd90351,4041,Residence,sale-,N/A,3,130 m²,1,0,N/A
https://immovlan.be/en/detail/villa/for-sale/4550/nandrin/vbd90350,4550,Villa,sale-,N/A,4,180 m²,1,0,N/A
https://immovlan.be/en/detail/residence/for-sale/4101/jemeppe/vbd90347,4101,Residence,sale-,N/A,4,165 m²,1,0,N/A
https://immovlan.be/en/detail/apartment/for-sale/4020/liege/vbd90345,4020,Apartment,sale-,N/A,2,85 m²,N/A,1,N/A
https://immovlan.be/en/detail/duplex/for-sale/1020/laken/vbd90343,1020,Duplex,sale-,N/A,2,121 m²,1,0,N/A
https://immovlan.be/en/detail/apartment/for-sale/1000/brussels/vbd90342,1000,Apartment,sale-,N/A,2,95 m²,1,N/A,N/A
https://immovlan.be/en/detail/residence/for-sale/1150/sint-pieters-woluwe/vbd90341,1150,Residence,sale-,N/A,5,280 m²,N/A,1,N/A
https://immovlan.be/en/detail/residence/for-sale/6230/pont-a-celles/vbd90298,6230,Residence,sale-,N/A,5,247 m²,N/A,0,N/A
https://immovlan.be/en/detail/apartment/for-sale/1070/anderlecht/vbd90289,1070,Apartment,sale-,N/A,2,113 m²,1,0,N/A
https://immovlan.be/en/detail/apartment/for-sale/7370/dour/vbd90285,7370,Apartment,sale-,N/A,2,81 m²,1,0,N/A
https://immovlan.be/en/detail/residence/for-sale/1370/saint-jean-geest/vbd90282,1370,Residence,sale-,N/A,4,200 m²,N/A,0,N/A
https://immovlan.be/en/detail/residence/for-sale/9800/deinze/rbv34376,9800,Residence,sale-,N/A,3,179 m²,1,0,N/A
https://immovlan.be/en/detail/residence/for-sale/9800/deinze/rbv34375,9800,Residence,sale-,N/A,3,183 m²,1,0,N/A
https://immovlan.be/en/detail/residence/for-sale/9800/deinze/rbv34374,9800,Residence,sale-,N/A,3,156 m²,1,0,N/A
https://immovlan.be/en/detail/residence/for-sale/9800/deinze/rbv34373,9800,Residence,sale-,N/A,3,179 m²,1,0,N/A
https://immovlan.be/en/detail/residence/for-sale/9800/deinze/rbv34372,9800,Residence,sale-,N/A,3,179 m²,1,0,N/A
https://immovlan.be/en/detail/residence/for-sale/9800/deinze/rbv34371,9800,Residence,sale-,N/A,3,179 m²,1,0,N/A
https://immovlan.be/en/detail/residence/for-sale/9800/deinze/rbv34370,9800,Residence,sale-,N/A,3,148 m²,1,0,N/A
https://immovlan.be/en/detail/residence/for-sale/1367/huppaye/vbd90270,1367,Residence,sale-,N/A,4,300 m²,N/A,0,N/A
https://immovlan.be/en/detail/residence/for-sale/5575/gedinne/vbd90268,5575,Residence,sale-,N/A,3,166 m²,N/A,0,N/A
https://immovlan.be/en/detail/mixed-building/for-sale/7012/jemappes/vbd90266,7012,Mixed,for,N/A,1,100 m²,1,0,N/A
https://immovlan.be/en/detail/apartment/for-sale/1180/ukkel/vbd90264,1180,Apartment,sale-,N/A,2,97 m²,1,0,N/A
https://immovlan.be/en/detail/villa/for-sale/6250/aiseau-presles/vbd90259,6250,Villa,sale-,N/A,3,150 m²,1,N/A,N/A
https://immovlan.be/en/detail/residence/for-sale/4770/amel/vbd90256,4770,Residence,sale-,N/A,3,130 m²,N/A,N/A,N/A
https://immovlan.be/en/detail/residence/for-sale/7160/chapelle-lez-herlaimont/vbd90255,7160,Residence,sale-,N/A,3,134 m²,N/A,N/A,N/A
https://immovlan.be/en/detail/apartment/for-sale/4020/liege/vbd90254,4020,Apartment,sale-,N/A,2,77 m²,N/A,0,N/A
https://immovlan.be/en/detail/residence/for-sale/9400/ninove/rbv34361,9400,Residence,sale-,N/A,2,N/A,N/A,0,N/A
https://immovlan.be/en/detail/residence/for-sale/8940/wervik/rbv34360,8940,Residence,sale-,N/A,3,141 m²,1,0,N/A
https://immovlan.be/en/detail/residence/for-sale/7760/celles/rbv34359,7760,Residence,sale-,N/A,3,200 m²,1,0,N/A
https://immovlan.be/en/detail/residence/for-sale/7170/bois-d-haine/vbd90249,7170,Residence,sale-,N/A,5,225 m²,1,0,N/A
https://immovlan.be/en/detail/residence/for-sale/1500/halle/rbv34357,1500,Residence,sale-,N/A,3,120 m²,1,0,N/A
https://immovlan.be/en/detail/residence/for-sale/1500/halle/rbv34355,1500,Residence,sale-,N/A,3,158 m²,1,0,N/A
https://immovlan.be/en/detail/apartment/for-sale/1500/halle/rbv34354,1500,Apartment,sale-,N/A,2,80 m²,1,0,N/A
https://immovlan.be/en/detail/apartment/for-sale/1090/jette/vbd90248,1090,Apartment,sale-,N/A,1,77 m²,1,0,N/A
https://immovlan.be/en/detail/residence/for-sale/2800/mechelen/rbv34351,2800,Residence,sale-,N/A,3,119 m²,N/A,0,N/A
https://immovlan.be/en/detail/mixed-building/for-sale/2100/deurne/rbv34350,2100,Mixed,for,N/A,4,139 m²,1,0,N/A
https://immovlan.be/en/detail/villa/for-sale/6660/houffalize/vbd90245,6660,Villa,sale-,N/A,4,170 m²,N/A,0,N/A
https://immovlan.be/en/detail/residence/for-sale/4000/liege/vbd90243,4000,Residence,sale-,N/A,1,79 m²,N/A,N/A,N/A
https://immovlan.be/en/detail/apartment/for-sale/2950/kapellen/rbv34348,2950,Apartment,sale-,N/A,3,108 m²,N/A,0,N/A
https://immovlan.be/en/detail/apartment/for-sale/1853/strombeek-bever/vbd90241,1853,Apartment,sale-,N/A,2,N/A,N/A,N/A,N/A
https://immovlan.be/en/detail/apartment/for-sale/1853/strombeek-bever/vbd90240,1853,Apartment,sale-,N/A,2,N/A,N/A,N/A,N/A
https://immovlan.be/en/detail/apartment/for-sale/1730/asse/vbd90239,1730,Apartment,sale-,N/A,2,N/A,N/A,N/A,N/A
https://immovlan.be/en/detail/apartment/for-sale/3550/heusden-zolder/rbv34346,3550,Apartment,sale-,N/A,2,95 m²,N/A,N/A,N/A
https://immovlan.be/en/detail/residence/for-sale/2830/willebroek/rbv34342,2830,Residence,sale-,N/A,2,280 m²,N/A,N/A,N/A
https://immovlan.be/en/detail/residence/for-sale/8210/loppem/rbv34341,8210,Residence,sale-,N/A,3,142 m²,N/A,N/A,N/A
https://immovlan.be/en/detail/residence/for-sale/6464/baileux/rbv34339,6464,Residence,sale-,N/A,7,604 m²,N/A,1,N/A
